Task_1,Task_2,Average_Euclidean_Distance,Average_Manhattan_Distance,Average_Euclidean_Distance_after_Scaling,Average_Manhattan_Distance_after_Scaling
1,2,31.136948895808487,48.88347355169729,1.1991309889603263,4.104942036231208
1,3,10.213156392631566,15.849752345261464,1.194495792437697,4.118829952913639
1,4,24.542597958841323,39.88015956937246,1.2215804807111401,4.22675374933659
1,5,7.30297909397147,11.726016194755207,1.1479952413407921,3.9344046998641202
1,6,8.571246634800897,13.673609568514024,1.1731390204003687,4.083674088835364
1,7,24.487038236798014,38.94449905249864,1.229014490742118,4.285931301415891
1,8,20.137048295827714,32.01953793490827,1.2908060784602449,4.626104309025431
1,9,21.791196219471477,35.48786201431693,1.1684136578731574,4.045293768607184
1,10,28.181247698402046,42.869844181245696,1.2169220140253374,4.167398942238159
1,11,22.375619176307683,33.892000871823754,1.1924742635807501,4.139275624709344
1,12,22.909355728305,35.79421018877878,1.2102802128203682,4.17248459551962
1,13,18.83548925181634,29.851019870117447,1.197748918478366,4.146902019292889
1,14,29.7957990870287,44.80003585694088,1.307403816685518,4.79341131983769
1,15,27.909603951708576,42.88366666820857,1.2519032434919115,4.267977600537225
1,16,32.76162081751374,51.37235618478651,1.2046890096920975,4.215717784830804
1,17,11.82378451448106,18.331629731410327,1.1699990143307566,4.121417060760245
1,18,42.60835292683375,63.13607397660595,1.2880172843615652,4.374754592401489
1,19,21.388774661310496,34.79565788608605,1.2852743024019846,4.438898856716762
1,20,31.874731560359265,48.620422124152064,1.1690023812900152,4.004735301809979
1,21,9.782067073831838,16.176294182469036,1.2331785178351393,4.336874171527685
1,22,37.52497288131595,57.045267461221236,1.2412372761953805,4.3326753675803795
1,23,24.36903037980778,37.34341701981665,1.2238967572929285,4.233273277252731
1,24,30.488570748438267,50.415648166515666,1.285495646668825,4.563421936505589
1,25,11.677808655327654,17.61063024298238,1.1645611116741184,4.024282971727379
1,26,14.663754910952123,24.8259540041745,1.2436930834007136,4.336202932520918
1,27,33.16961072707744,49.80597082513397,1.2375994808050301,4.237484805734947
1,28,10.609147797149339,16.979292524106985,1.2521776046291593,4.288117061558769
1,29,12.467424125029089,19.780260824442713,1.150518902911627,3.9782577759353313
1,30,10.558592415250814,16.893281267216896,1.2897339448093879,4.69629565904157
1,31,15.276242920531848,24.794462580374294,1.227082619713804,4.2494580944811835
1,32,35.59994706494838,53.16906080625822,1.2122144364709053,4.205769197562781
1,33,14.496195402366377,23.634129572931148,1.1541514057703222,3.926626141685321
1,34,12.779428311946914,21.10656177431573,1.1696109704635553,4.044036693897255
1,35,15.646785998055702,24.07121923275249,1.212214351622646,4.231079814361996
1,36,22.768428049061477,38.93563021768535,1.3371806592468953,4.751770357142795
1,37,8.88750090832705,14.450942709946789,1.2499716001082133,4.408854538818352
1,38,19.336180283670423,31.101271006170442,1.2122464565805824,4.188990717107829
1,39,7.525909637962811,12.02800237966349,1.2563595327294006,4.512727190373226
1,40,22.327961081907,35.90747370313499,1.1759750268456233,4.112714155973154
1,41,9.141427902735002,14.898315088748424,1.2079665732210583,4.203228319287778
1,42,12.831019031860963,20.509741399267114,1.1736246633092755,4.136937077239262
2,3,22.70904914685312,37.03163053278209,1.1628696559963108,3.8576683893225425
2,4,9.502421662375566,14.57252942616562,1.2509856689945453,4.181524654759408
2,5,31.367721585306963,46.60145223246464,1.1139531654411017,3.725185498024203
2,6,28.85327053143879,42.3665383715871,1.1016382949310615,3.7483696142070757
2,7,8.451358757003023,13.204219969815808,1.2751667241009428,4.2686938833315695
2,8,12.906563242468025,21.30812071218023,1.1857733934885808,4.149512158181772
2,9,10.931369140290752,17.36822347782441,1.1199896745966407,3.76971336868591
2,10,6.91497719983984,10.941626881293104,1.112156147246971,3.6991050142695263
2,11,10.169229032501866,17.06166366642179,1.206407297648519,4.1109471736779835
2,12,9.711686462258317,15.319291078347407,1.1443699591948535,3.8309942669105297
2,13,14.069542253021464,22.107457918975374,1.110314671920258,3.7545037470777305
2,14,9.325745245195568,15.349342219944726,1.238469405491401,4.426001885796675
2,15,9.797701649055302,15.361826956974198,1.2855244574101465,4.236548808481741
2,16,7.440838280730417,11.67056295957721,1.152974732548615,3.990730401223075
2,17,21.168385814781075,34.501892947446365,1.1233602215126195,3.8132713871385167
2,18,13.516828467862165,22.75175575913629,1.225137997755732,3.988165399422594
2,19,11.43074513860928,17.457800046081797,1.276711239702125,4.252564696127139
2,20,5.94191931964517,9.304363130906845,1.079886786936548,3.645179372588402
2,21,28.58824024059266,42.306004168488364,1.2178498629445587,4.22972150353723
2,22,12.74421642380286,20.065960571205668,1.1616621052635814,3.9763390596774983
2,23,10.684148282013574,15.593736233708647,1.2531690523710706,4.217706207952921
2,24,6.152028426255461,9.80692924315252,1.3055046652181361,4.561068725890366
2,25,35.88718819590735,50.807662428055075,1.14628095328726,3.866331857753425
2,26,19.386118586512755,30.418388465207425,1.2088031290742773,4.0105865618851135
2,27,7.412362032247607,11.440174912498263,1.2185151570429988,4.088098273139404
2,28,24.391295911898617,36.96592217663819,1.2503825301661933,4.170440414510007
2,29,19.385448889274354,30.902905532355913,1.1678323024915855,3.956649114885836
2,30,24.54347205242535,37.634042771007664,1.2149022155417215,4.328709881182963
2,31,18.84916989917577,29.51032181777454,1.2043053479394668,4.111137439200576
2,32,8.371191354356863,13.743283457412087,1.1954841492122639,4.094863123867582
2,33,19.44953422751902,30.692263473560665,1.1898108080423293,3.8738891163255698
2,34,19.830757811262494,30.60955647860784,1.079595977055036,3.6370380194163814
2,35,44.11112030907879,63.19774124163928,1.164756196734327,3.898378558705147
2,36,21.67629501175563,38.22642518704036,1.3770670819530733,4.76396433845047
2,37,31.700728245522548,48.92624203724778,1.23966777583311,4.259368822204137
2,38,12.756040685810046,20.06460912526221,1.2499440574661025,4.241696941751933
2,39,29.33571718895684,45.494875581857244,1.2223104951031307,4.243756923707737
2,40,11.049656072134088,16.64863749623458,1.1746832507511713,3.9445056555199134
2,41,33.72106487236077,51.04252319562048,1.1834522242177112,4.01227336202404
2,42,19.822932463728073,30.533141319766436,1.1618260006374603,3.99668671288768
3,4,16.7712067232037,28.15300538110148,1.1582556991826989,3.9531652408393856
3,5,11.624461644793572,18.85411560964655,1.170341592487453,3.841001660528485
3,6,10.375303799196015,15.334459056433403,1.152022597196047,3.889029488758987
3,7,16.429010761001866,27.10919827370126,1.1272994497413564,3.8446658143217816
3,8,12.32523230186908,20.06901770318889,1.2203074354285255,4.2218727448939894
3,9,14.022170464422919,23.635440928283078,1.1654886676191623,3.860903334153057
3,10,19.752414047512875,30.81152217634478,1.1857011072053794,3.861375951372374
3,11,13.911191838386232,21.753432976457326,1.1613042243966771,4.029805821801352
3,12,14.868211679691438,24.00328670954634,1.1532146924131255,3.7799752288070754
3,13,11.930390106378669,19.07278287849578,1.1813476121284534,3.9115674277098544
3,14,21.28159866238631,32.38896510391238,1.193287213035339,4.260075767264218
3,15,19.511100182788915,30.446891254399283,1.1473571520453143,3.919512505886372
3,16,24.65450186292281,39.55360908044484,1.1986401772458901,4.134435040929729
3,17,7.6650939764924715,12.077363427956211,1.0813877958068505,3.6790491262216665
3,18,33.945610541932965,50.89852561361883,1.1285778637737167,3.72305729204024
3,19,13.77087614917644,23.026207014748604,1.1574220824930017,3.975015916421055
3,20,23.394273522509852,36.62807021801514,1.1215266043410284,3.7895484678026707
3,21,11.323741285474416,17.9635926155166,1.2583810918899823,4.338534811422511
3,22,28.912262092112897,44.476701402740574,1.1770499662162162,3.98708119390871
3,23,16.669085698525375,25.365933431616345,1.2242007581812713,4.217690848620246
3,24,22.511485272450578,38.61893417437678,1.258308095143107,4.476250555181975
3,25,16.92099588200788,24.09995695186246,1.137980141100231,3.8332393964842266
3,26,10.110026864727987,16.138730750925212,1.0898060768133893,3.7055083917722653
3,27,24.60167727620179,37.62140849145618,1.1601803142840368,3.9954672562073883
3,28,9.531351310239023,15.51805566229063,1.1865207435720078,4.047195439814121
3,29,6.5168724891028855,10.501874086631117,1.1743417379929226,4.003174160254368
3,30,9.179771018948092,14.27220079583223,1.1895479006272618,4.235427173641648
3,31,10.587146024846609,17.236816375966878,1.1935847995249595,4.152079602509893
3,32,26.988404360214027,41.062803105385726,1.2286154277176522,4.208608734506142
3,33,9.667578074942789,14.987554142621915,1.1459888280932446,3.7917512267278557
3,34,7.929687698026347,12.82118199972179,1.1096321724495224,3.7234737207330015
3,35,23.685159277017814,36.39138253052736,1.0495076061010422,3.5607062053433274
3,36,19.294436787526724,29.052229776508934,1.2883733317587958,4.535963225933791
3,37,12.701933002306056,19.61722184652976,1.1748995923750274,4.073712800483438
3,38,11.68849003399852,19.454645047904084,1.215829971835657,4.2227141867171945
3,39,9.697493829323445,15.045445205441434,1.1615503547555925,4.0694111585359085
3,40,14.753357100881605,24.16260456242762,1.1114974893571368,3.757159597376165
3,41,14.244185528094045,23.869121819815238,1.1399717953401096,3.9151846673983517
3,42,7.8657818788101155,12.507173776271296,1.119357255815791,3.865906261023595
4,5,24.40544619300182,37.08651512891213,1.1977352641512231,3.9796567087165973
4,6,21.616869471994832,32.97323640867584,1.213506230408455,4.087759027360023
4,7,5.548767824964451,9.17260086612368,1.2570185761909283,4.4073799584054765
4,8,8.225233449382849,13.542683241732357,1.1859175055228524,3.871603102454141
4,9,6.236107507537993,10.392914805773625,1.196281660123321,3.989534062846271
4,10,7.918791101863685,12.943841600064609,1.2664793055949954,4.178824352806097
4,11,7.861725660643194,12.924621031832222,1.196332462439428,4.181615055596599
4,12,6.2456024012011,10.376666880759943,1.276721048353227,4.292427072280964
4,13,8.692387790522483,14.327796749096715,1.205661386539085,3.889534829922216
4,14,11.234669409010737,18.563039196223166,1.0774167201961289,3.535469721990496
4,15,10.726588295724191,16.97971106519422,1.0721238910821036,3.5640324170665507
4,16,10.039727439551172,16.001139379792658,1.2758754136022816,4.425552091969432
4,17,15.484941779944936,25.75872720552717,1.0176665656879436,3.2755377374002923
4,18,20.165388992607124,32.286194974611284,1.1964288638758285,3.82893357897782
4,19,5.65659764586196,9.324861914930118,1.20649039064347,4.204219290975046
4,20,9.837046660622653,16.001978629827867,1.0724694271784736,3.3979580777492964
4,21,21.485583706193776,32.73410922728681,1.352990335173162,4.777161646517764
4,22,17.994913695454255,29.759816192183262,1.3416722893617703,4.680779198218064
4,23,7.111289767097694,11.29718184258172,1.209410416641283,4.2084399421853345
4,24,8.19410371899333,13.430597475920361,1.3900964698146894,5.024093082663772
4,25,28.46108248386966,41.2664863405368,1.1666378404169202,3.9790544005347415
4,26,13.044476717578563,21.03060709998091,1.1545281074796272,3.944185835412704
4,27,11.845744319536943,19.317661595545747,1.093326779293404,3.608199072739342
4,28,18.033947215610876,27.6446286296078,1.1432018550074703,3.786568262903492
4,29,13.092434191572975,21.781578146130084,1.1551861499762768,3.896747166485365
4,30,17.609446278880647,28.447368753966515,1.079371740651902,3.5635964829012368
4,31,13.382207703810439,20.94268968288321,1.1744122300401214,3.995664284147073
4,32,13.787947845309944,21.772537902496207,1.274738894965869,4.419897297881184
4,33,13.40263842203556,21.20724350421249,1.11621011052222,3.703721017781991
4,34,13.10185365253084,21.273859561066324,1.130260294320364,3.7506590079729616
4,35,36.847670327750016,53.882606307726604,1.1590587849209295,3.969034372738054
4,36,16.67311336852751,28.32741628392067,1.3793745415897083,4.935368654587822
4,37,24.918442603045527,39.712754258921265,1.102885897825185,3.659754711481415
4,38,6.846184468901753,11.349113283268014,1.1293578195799774,3.785676162941409
4,39,22.521928625757997,36.335414098191514,1.0546161714329718,3.4761932717042727
4,40,5.793392555825141,9.355220112218053,1.0266893866535964,3.3437457152471572
4,41,26.956902096860066,41.63139262498385,1.1172386972754746,3.7890253183447475
4,42,12.90501120739329,21.265846303867644,1.0372242484865684,3.417132556553187
5,6,5.834169376277325,9.341233004715649,1.1047397979818732,3.7598066740041043
5,7,24.564902695844026,36.890006662847185,1.195643233557524,4.071966058391145
5,8,20.607143259415786,32.64029366227265,1.1666369181238005,4.049732667396908
5,9,21.741217112604286,33.63686051388917,1.073164786421781,3.614666366075176
5,10,28.84854076745373,43.99810986065316,1.1300915541373517,3.733203886688468
5,11,23.234863560982028,35.737921314058894,1.166395669967319,3.9119510895716623
5,12,23.240746319535337,35.15313412916188,1.110009727035598,3.7178894853367637
5,13,19.033009474283094,29.981298210582644,1.097596788923612,3.6652674465644965
5,14,30.86570286807732,48.43733047568722,1.1759601112989624,4.165397871634953
5,15,29.274950792339396,47.2634826944939,1.2396295290471235,3.976960555189051
5,16,32.84363756632601,48.80869303117429,1.1710518747912255,4.044662663871214
5,17,12.959799092553755,20.916892088281696,1.0731289070875847,3.595941365830764
5,18,43.45399515710875,65.40522783720085,1.2539570249236556,3.960221853183824
5,19,21.297676356127926,32.800342684583086,1.2918892897625178,4.2435339032697375
5,20,32.46503892474981,48.93077986634233,1.1060968134184601,3.655886031622514
5,21,6.666557216716131,10.973980625648844,1.1884626639082316,4.130787649855657
5,22,39.073296443018044,62.63671943102336,1.1844469924106222,4.026171614517648
5,23,24.793848906163145,38.09295560750929,1.1950525861922716,4.0378230757417555
5,24,30.025562783163203,46.43137559707841,1.2986664949502753,4.5626297316119295
5,25,8.95622795648222,13.16393122987803,1.145781677083144,3.82055483776471
5,26,13.158051669037414,21.215616932571002,1.2393003841890973,4.111470895490233
5,27,34.04351248614504,52.12375214744534,1.2154981405170397,3.974248695173621
5,28,8.346195474067029,12.379906173815538,1.267427298336917,4.152289886176139
5,29,13.239161934032445,21.36588994359203,1.1190765593974332,3.78418823329411
5,30,9.763714585318487,15.849827425896422,1.176762194083073,4.156143119438737
5,31,14.11133539734323,21.187463101819528,1.201341740448544,4.038263171519408
5,32,36.34180194978451,54.34625821518088,1.158892188143257,3.9440267964722726
5,33,13.261720365346003,20.44085082253799,1.1095020252698624,3.640287573904551
5,34,12.327561906047944,19.598342471147078,1.123933212210416,3.7505532548056704
5,35,13.446721449603713,19.400072444945998,1.138313309390213,3.7688232412008076
5,36,19.44359475967472,34.65322779841135,1.3600812154584068,4.758636979257587
5,37,7.782110879121867,13.071103435580588,1.161474592057236,3.9135506095658372
5,38,19.40933138729309,29.710453758042938,1.1937963072765654,4.027109081106724
5,39,6.655499078076252,10.830716895258654,1.15561933473057,3.9936842406778092
5,40,22.231432344862984,34.03075104017696,1.0893383751989958,3.653129847817843
5,41,5.9085064900401365,9.65261004541453,1.188389161920871,3.977383142147317
5,42,12.951035614932334,21.075555710369233,1.0749903188958336,3.6497113623345716
6,7,21.827343104737515,32.744984300228545,1.2442145942661693,4.277515802035976
6,8,18.177782724718714,28.113178683708547,1.1732927366765307,4.176450097310358
6,9,19.154274738311802,29.37236902062753,1.1159923100191904,3.827438051242238
6,10,26.045056827266013,39.40321697495755,1.119738235958971,3.8076813141017958
6,11,20.848604721148668,31.017573954163883,1.1761870712770433,4.0742851126914505
6,12,20.496279476572745,30.823028182010546,1.127098753861111,3.848375794970498
6,13,16.443721314106547,25.528322725706275,1.1080364048397795,3.8133331849797956
6,14,28.150709166878613,43.56884537394985,1.212310688162071,4.358137578668723
6,15,26.529834864934706,42.40945161707728,1.2666908840261264,4.217447136080792
6,16,29.779369204148306,44.69598777044593,1.1449790718753137,4.005351097699501
6,17,11.971125302966312,18.475659840148683,1.0918552410469988,3.7744608018816526
6,18,40.71949144117174,60.68367384721916,1.2149985199703646,4.042586110012676
6,19,18.510126593421948,28.558628084061812,1.264639878966007,4.290662045078408
6,20,29.646145945212055,44.40127077251914,1.077217783383439,3.6773476472476663
6,21,6.468351924300678,10.178533550008337,1.1900335714286503,4.187157119824085
6,22,36.452116398303936,57.70324163687271,1.1966226695011342,4.128682432482647
6,23,21.601640849655954,33.51618196839093,1.2347771866025068,4.201398291838778
6,24,27.461840446390074,42.24941332852646,1.3036331413582176,4.588783467047333
6,25,8.857747697161269,13.446654641255341,1.1245641516567644,3.8568276586030428
6,26,11.490520508152445,17.135015212185404,1.2007090691175635,4.075268183836821
6,27,31.267366745655814,47.36829604295766,1.2026892482396483,4.050590578193434
6,28,8.855024688498672,13.000420660383657,1.2317510206486724,4.171792576405155
6,29,11.161358756589149,16.713648728219628,1.1326641101016603,3.8835368963022026
6,30,8.433606407173254,13.662825502875457,1.184759282846606,4.254331441871261
6,31,13.192524654819886,19.234716528758383,1.200982003676554,4.142765114043885
6,32,33.64584279695803,49.758919652541245,1.1929110366298101,4.129215371624335
6,33,12.055868060561302,17.24414265962868,1.154574849499473,3.8396769533642723
6,34,10.344358049812778,15.716420002064822,1.086296222610033,3.7118172968097523
6,35,15.79958713072965,24.500759883342656,1.1570862063090108,3.9348163496464594
6,36,18.133356875475382,30.36733881632678,1.3596635899161582,4.763689773041394
6,37,9.209164656506422,14.7256805576337,1.2209486916519299,4.210922209596799
6,38,16.835043909929666,25.433564794174842,1.2236988469809116,4.183239086837682
6,39,7.169876785169976,11.366982176206744,1.188588766824825,4.168227077962979
6,40,19.334621455082452,29.805008500339476,1.1389709226672877,3.878260569662742
6,41,8.927979197607433,14.041722072713288,1.1677758077791085,4.021392968345371
6,42,10.235140986838449,16.512417865208548,1.1317076983478873,3.915768809307389
7,8,7.106769433271144,11.615523348993788,1.3581717985251305,4.8478506938491766
7,9,4.8948646141331364,8.137377182604201,1.2253573471077643,4.191586669708154
7,10,5.946395049348426,10.009526486350932,1.271874715282341,4.256380706023731
7,11,6.07407186372825,9.64242689642992,1.22211191103605,4.253352908991522
7,12,4.545291172125472,7.440310033675625,1.1815102590958972,3.9707012503483043
7,13,7.755968773572672,12.36676917874667,1.2906312663040074,4.409562745765589
7,14,9.675760209864176,15.890769613571885,1.341409578199027,4.962205794502808
7,15,8.88603138694439,13.519231593353167,1.2252791678846797,4.2868454524025745
7,16,9.360651346392196,14.678588361505087,1.263018440058283,4.385091680469631
7,17,15.001716576950319,24.578181057360254,1.2147322095100168,4.279741017724197
7,18,19.50728370786306,31.004102806989057,1.245472408849929,4.227161851362663
7,19,4.760765609950689,7.922961844157639,1.2407102674235875,4.274216344544722
7,20,8.676021887860092,14.578952513786039,1.2965865864029718,4.450966548335546
7,21,21.708240724460275,32.930125716989345,1.2728135146816615,4.427842981106738
7,22,16.76433297253512,28.200736023361802,1.2037915452002628,4.091840189482167
7,23,5.716054361576729,9.274807052520027,1.2845603910235244,4.469153144175926
7,24,7.52560431657413,12.264348298388677,1.2457422071334276,4.411670192582519
7,25,28.75139234281344,40.94880337049905,1.2043395109326231,4.1157929414832255
7,26,13.052839962545931,21.418600069056858,1.193782003008161,4.127915622430795
7,27,10.592827232130883,17.73907776145361,1.3016143750646252,4.556994838316532
7,28,17.99484211360193,27.49766294196533,1.320528111946178,4.572689456586769
7,29,12.842627888687604,21.027350473626516,1.2267918897873467,4.3018783994865695
7,30,17.64806026159632,27.883692355397315,1.3516649910332825,4.968042312547146
7,31,13.03446005232418,20.652146792231722,1.3178440678508796,4.587710834167325
7,32,12.77676615678322,20.059679581118626,1.261585771068406,4.355895157212014
7,33,13.317758337186598,21.47709663872556,1.1660436002696548,3.9926556976475567
7,34,13.108882797584622,20.959439309906635,1.2456391081477918,4.253909256045214
7,35,37.12068362953258,53.85886875159081,1.1165875072596707,3.872822907740233
7,36,17.016126160636436,29.74989724405894,1.2444401560994118,4.403496756502507
7,37,25.010018073122666,39.212349287078524,1.276966685414321,4.562121178926675
7,38,6.1825590903032905,10.31514072050023,1.3063374829744503,4.610468143250149
7,39,22.56123836768966,35.676951897486866,1.28561601493593,4.639597203406032
7,40,4.719253240877559,7.389899148738955,1.2002208667439258,4.21047184820702
7,41,27.110702480857444,41.65024771928139,1.2613988710440571,4.359387528699741
7,42,12.88755241144262,20.561971155301038,1.2258147210606178,4.367211048738399
8,9,6.146835965940324,9.657354526243859,1.184280675247815,4.169497780680961
8,10,10.205788964831978,16.93350681995856,1.173698991576217,3.9778351247311106
8,11,6.378508796368608,9.951060098544929,1.3301800929174168,4.764123897407669
8,12,6.6353149202291295,10.75933209754891,1.2095170083785265,4.220355171587989
8,13,7.318800976560825,11.569035116907141,1.0928357483044806,3.7022552123729136
8,14,12.449055719482436,20.081015344812744,0.9091539579337319,2.642946730163164
8,15,11.232931867009922,18.496444419798603,1.2491753539581882,4.071659293922225
8,16,14.641686635436468,23.717691975565213,1.3206460627889387,4.813277282191008
8,17,11.201738721047995,18.08911329066389,0.952652829507458,3.002041134662158
8,18,24.092907758092355,37.69422329183492,1.1748795037984832,3.692597215981825
8,19,5.928418761796851,9.160611403694055,1.373057105706053,4.802361732978366
8,20,13.542524535321741,22.28105024927164,1.0692262706657496,3.5385504233977905
8,21,18.15425239105277,29.166753619485092,1.371500628089217,5.010719175081228
8,22,20.203144163218646,33.242303332505955,1.349570250501441,4.84753821131457
8,23,8.426958728674185,12.96743421495652,1.3739231256902789,4.816216853054365
8,24,12.555163865499475,21.75332915912735,1.5476766949792817,5.773779113071622
8,25,25.177319261268693,36.54137330467963,1.2178223019434213,4.311326511496716
8,26,10.605614695949749,17.879544319866667,1.2181601310694037,4.052030509452727
8,27,15.011905238124506,24.386227545133845,1.2299398513163426,4.07875966081595
8,28,14.527732280970499,23.716449467159205,1.2912866418144748,4.360400261030012
8,29,8.985711083865692,14.793104925760318,1.251030149693912,4.35442295839021
8,30,14.126791453215025,22.372821876403172,0.9453435779214694,2.867167951237796
8,31,10.808235533385254,17.994433363004106,1.3117917106161707,4.585521627704677
8,32,17.239818917394416,27.24094684977162,1.33794538233929,4.793802656917335
8,33,10.531969270014077,17.711690467606914,1.2162670962153093,4.165047139286623
8,34,9.936441676051567,16.403410486144097,1.1261900866325836,3.8611941239053427
8,35,33.1525427542771,49.841021159910305,1.1796560360754087,3.9958095475398476
8,36,16.512039109955,25.5089927365354,1.5390402722879268,5.574424796158964
8,37,21.09599263192888,33.329259097285714,1.1423194296930133,3.761122614211033
8,38,5.397188405691934,8.229063712224608,1.3168162062390065,4.497572637866122
8,39,18.488851827889473,29.44681706705361,1.0134833048774203,3.136185588545422
8,40,6.677726768687689,10.489863190030986,1.0527711879407766,3.400938479215072
8,41,23.128096299923218,37.36056438211717,1.2169392758519002,4.198895617812864
8,42,9.689742819051197,15.131860342185778,1.0593624538362674,3.5154679185662814
9,10,8.600268599333704,14.71443742010313,1.128698752383014,3.7695635156848417
9,11,6.186346227655511,9.990403921260489,1.1954358505061,4.062616771215572
9,12,5.298527981739446,8.994941440267462,1.1480179506648402,3.8620718226760293
9,13,6.898153888717663,11.161966309313911,1.1216837548104082,3.784619937210565
9,14,11.640553358148273,19.39826660455592,1.202596484507612,4.310084334824683
9,15,10.734594693442835,17.754294043779446,1.2525257719071174,4.078935250059942
9,16,12.320350772912612,19.546784106616133,1.1600029294120944,4.0363153949505355
9,17,12.798261282530326,21.265457737567615,1.096927481979825,3.729216965694698
9,18,22.524742464177123,36.03801160482143,1.2636066867986862,4.068331055013884
9,19,4.268599431636164,6.601159515902182,1.2698139810160776,4.23582738049081
9,20,11.738166825124402,19.616896615885704,1.1041513614105107,3.66017470138377
9,21,18.94999891125634,29.452039422900622,1.2157546063569697,4.2561581926432135
9,22,19.408283387311887,33.029224958120295,1.187471021200857,4.061782883004737
9,23,6.971140905753597,11.322193182199657,1.2106933521099885,4.148040037569139
9,24,9.823739340287208,16.432350861290484,1.2980345155429664,4.580474543339245
9,25,26.136764970110388,37.71340193899671,1.1356357941198052,3.8274349844796176
9,26,10.50286793827074,17.52243939841093,1.1935769505015863,4.002483503822752
9,27,13.537636278220404,22.634987748478682,1.2253005554037326,4.010099277716364
9,28,15.271986893852718,24.02827822864788,1.248388129582024,4.123881570027328
9,29,10.42652505763843,17.63415104424734,1.1183486103338784,3.8367073315545057
9,30,15.175636989699827,24.36958528578425,1.193066253567647,4.250767938298533
9,31,10.7885544413722,17.264693805203443,1.2001059044563414,4.063642589668314
9,32,15.666188917710231,25.143987923495963,1.1825125762984083,4.070319195972135
9,33,10.698636180779511,17.82706509076657,1.1227372401212103,3.733909018591449
9,34,10.550532825948496,17.442311251856406,1.0930880187467733,3.682064762969332
9,35,34.31489390238767,50.33572609097806,1.1621314583089275,3.9020038118055984
9,36,15.169092033472733,25.26081089511067,1.3435353978475013,4.729674907440179
9,37,22.28056988841976,35.70866857735902,1.213304963122344,4.135444443938678
9,38,4.755793227752531,7.935954902535764,1.2093732870362597,4.0882524824505655
9,39,19.877677011907068,32.14683785506671,1.1687455084089167,4.091878826005971
9,40,4.863050427562372,7.742033800100074,1.1031626763251263,3.7489741504685052
9,41,24.247864129289347,37.93808202473405,1.1632185330828593,3.9440727471277834
9,42,10.577815274113684,17.321945189551755,1.1183105903358,3.8414761041481342
10,11,7.241738060763362,11.443261864101057,1.2658115678327209,4.304261158360712
10,12,6.589372786496938,10.786793550478023,1.1422654658218159,3.7647871696404827
10,13,10.981162420494602,17.72881187973697,1.113365362393457,3.710669751579994
10,14,7.100535536243966,11.650312233600953,1.2316013641979264,4.224314979820171
10,15,6.167343117832897,9.591191843113307,1.3200608549717407,4.2847751350072
10,16,7.008561796364037,11.38788470738445,1.199522668238548,4.154959693795195
10,17,18.178949213641996,28.326924061721094,1.1231611384907543,3.7034178746792366
10,18,15.189856265150972,23.674207899539894,1.2381157946095291,3.8766507590558392
10,19,8.771934810495864,14.730011460685628,1.334757166510671,4.39051474240467
10,20,4.929309107104246,8.27857513507967,1.1285073572424447,3.7583333971725112
10,21,26.144131183657745,40.8650668502049,1.2302322938924364,4.282163487544853
10,22,12.053011982808842,19.482128135132722,1.1960374871350876,4.05967590672415
10,23,6.706093768604326,9.89184667950842,1.3181549185788535,4.438693169748965
10,24,7.855339333142517,11.20230061127339,1.3719268115914036,4.830239975993121
10,25,32.91301269970776,47.77365249974006,1.1308392208578648,3.7869378304429033
10,26,17.655498063116536,29.623903925069648,1.2120584855631473,3.9172174802476567
10,27,6.348415650003493,10.185338096688142,1.2773334259347904,4.232781403594325
10,28,22.31945346286881,35.11315986914381,1.3069346251935245,4.3486957909051585
10,29,16.453860231758178,25.551293945283145,1.1857430902596569,4.017067358346569
10,30,21.569194142599905,33.13365439498391,1.2113838648164026,4.152186635721315
10,31,17.312579271914174,28.52257917333264,1.2819140949194388,4.356397743624789
10,32,9.002612256882587,14.075301619183168,1.2317182260794353,4.215065342988042
10,33,17.80244208683555,29.553036599923423,1.1799536731822413,3.843406590600297
10,34,17.353253759938426,27.55182486238165,1.1127468295122243,3.6851159934076265
10,35,41.39813366772411,61.4381078603755,1.1941629728678111,3.874742321810138
10,36,21.77756657126858,38.57235154166719,1.3950957847270127,4.828309506180767
10,37,29.098590940414788,44.48712775667857,1.2888308227989467,4.312899880082399
10,38,10.17642489132601,16.8151927287924,1.3116926975426773,4.446859800940701
10,39,26.47244347174941,40.37345712323049,1.219198744073214,4.0984308419894
10,40,8.259304154541663,13.37087932013323,1.17046727376822,3.8400532972827377
10,41,31.45214186154171,48.91699841094226,1.222787183399961,4.086915311760039
10,42,16.74828805083244,25.67648905889189,1.193823184688519,4.026220379841467
11,12,5.748806147225335,8.961434295512664,1.2416945890957152,4.2642016813071075
11,13,7.843370491627488,12.251702105872154,1.2428916513090718,4.2880960202222544
11,14,9.494842882098354,15.110056783801152,1.3206530677503652,4.8930300889254665
11,15,8.16952572609347,13.290226979725345,1.1807898234588274,4.0878207616314075
11,16,12.430740654022571,19.43648784747532,1.1903639773218506,4.117691420193824
11,17,12.503960819993189,19.496470154597425,1.1765007450807239,4.17364558162029
11,18,20.71510335985786,31.89499710026685,1.2388930369661293,4.28258475553517
11,19,6.413835107708297,10.261465899794404,1.1946756760316468,4.141039769066843
11,20,10.382516774566682,16.732252498083497,1.1381124598790924,3.90972989768018
11,21,20.821628839043296,32.76667695664428,1.2627226185755935,4.397584999976619
11,22,16.475822467209316,27.312586897789853,1.2391129129712821,4.30011926427025
11,23,7.621130587276847,11.381728661048097,1.1686624587796945,3.993174413046293
11,24,10.966372461447166,18.24119122252694,1.2483154529945768,4.3984025466986605
11,25,28.015979304935396,39.48623951441929,1.1948122344849157,4.106537749371036
11,26,12.673100810181001,21.6682334349097,1.2323261343614849,4.301218631150417
11,27,11.579505695821585,18.448997435928543,1.153590281924408,3.999661072219834
11,28,16.640380287386563,26.97110852902336,1.2014740239037287,4.105733012914887
11,29,10.748132295163252,16.716979881924605,1.1660458620168241,3.9918064769111243
11,30,16.39144176377512,24.699796155402577,1.300530773672423,4.795876657170491
11,31,12.257936206635403,20.954309207190633,1.1361701225958125,3.922495285302073
11,32,13.850446733785267,21.495639403498352,1.215586020036054,4.16020584277743
11,33,12.433415732535698,21.422831798644122,1.1831193239376052,3.990052744546761
11,34,12.047991767354993,19.279543738714555,1.178433940037469,4.052823770163649
11,35,36.047642508593945,53.20728421140273,1.167205819421825,4.099102623290687
11,36,18.942312040605934,30.857648065384787,1.3343603870027907,4.7377493766762555
11,37,23.567537289332964,35.76255069406212,1.1941787899380367,4.261600649689092
11,38,6.144258414369282,9.761186678771521,1.1457913808307019,3.93549910218101
11,39,20.883618749296645,31.629253440910105,1.246352411458042,4.517810658268929
11,40,6.875764342149621,10.821768071747295,1.1835758454066798,4.141227025362588
11,41,25.744395864577818,40.74515650893719,1.1651880841048723,4.046907951877281
11,42,11.757323511046144,17.1675709595971,1.1414961065751785,4.051096826908935
12,13,7.2766603299656785,11.788160401119827,1.1462680236115375,3.8598307169463046
12,14,9.914693705303531,16.03998174178601,1.2521657201338212,4.426863729215674
12,15,8.787611778635453,13.577705794531077,1.3125669485297549,4.350369221118836
12,16,10.707848111043583,16.87798885445889,1.196960629121934,4.14869253128212
12,17,13.518379902058173,21.64643532168873,1.1369757323367438,3.8533952730079846
12,18,20.613325578829045,31.88669699854918,1.2385342830996433,3.9755856437132304
12,19,4.995055817122993,8.397404867460697,1.3131517711881284,4.366070096694039
12,20,9.723639837387251,15.79716302062073,1.1744117580748634,3.970535677983607
12,21,20.498875638105908,31.768563797370263,1.193677000739801,4.148445234040728
12,22,17.258222272968357,28.591340586133178,1.1954003841075134,4.035219880938359
12,23,5.88838004708372,9.130297015704322,1.3088764584729173,4.4809969661609586
12,24,9.329025807288097,15.32369112775641,1.3231010623861772,4.637960198513853
12,25,27.458567715983797,39.07506191276804,1.1602287344976898,3.904590113163477
12,26,12.330515058297902,20.67908007658519,1.2184042913350284,4.034548686914397
12,27,11.429457976149608,18.484804299797148,1.2968250751435693,4.375377379259478
12,28,16.88518934617295,26.193447521559495,1.3226252809258539,4.464189370318442
12,29,11.28378476184404,18.089630775893973,1.1832642193944953,4.073559091137882
12,30,16.21478357551231,25.330238839506748,1.2495812565462596,4.415231555043235
12,31,12.449017542035554,20.14702463961251,1.311129889653682,4.522747561746917
12,32,13.769414415114525,20.959163044926438,1.2293652224533542,4.226239995166299
12,33,12.503004496989371,20.530475126974732,1.1840017246960577,3.922658036867886
12,34,11.873489613221972,18.99778338293609,1.1492542053159767,3.8599141122744736
12,35,35.81576949465891,52.434481600694426,1.1435784309572423,3.793478004148743
12,36,17.49808344775396,29.478882558883576,1.3597831038870185,4.703046607787423
12,37,23.672223928746924,36.67681604577236,1.2748502520197107,4.361829552018955
12,38,5.644501343300047,9.272937439969263,1.3157852282766447,4.553458936932259
12,39,21.079097961761523,32.892295408034116,1.2370754506122077,4.278322259104899
12,40,5.138893345844813,8.108042278209162,1.1748850792343128,3.9615986348141408
12,41,25.857432571061807,40.14716663935316,1.2539671284531293,4.248985498803262
12,42,11.438773645544943,17.822351093679753,1.1893234307561313,4.088226118546507
13,14,13.486745578083562,21.485336974125524,1.1039740000756657,3.7282895892535763
13,15,12.108146742936684,19.701807154734016,1.2711814674587445,4.045363773130871
13,16,15.095469175875202,24.212624993813407,1.2110717093609265,4.2406170495373665
13,17,11.156539357833132,17.7654669243626,1.0289757137246849,3.346317958571412
13,18,25.207771082350682,38.62906161792091,1.2053202337418625,3.7987914585655838
13,19,6.315294439641903,10.260298848878737,1.3258098464920711,4.4297214520453565
13,20,14.376642074462259,23.022655369578892,1.0630218672470553,3.486607299841082
13,21,16.54230797444033,26.51426865339431,1.2421182569811635,4.386661556613734
13,22,21.36368010957589,34.66953049499043,1.2351945698220526,4.215315404324752
13,23,8.2802164118769,13.179812383981625,1.2724840379787872,4.3228566195658615
13,24,13.451981984897879,22.261148816873852,1.3888486558886333,4.9500114792777055
13,25,23.364843336130694,33.997940745993304,1.1358438436705254,3.837917734202267
13,26,10.124647354836602,16.929722983333793,1.2111782156176973,4.000853082438038
13,27,15.94984289796784,25.34702167973976,1.220108905878088,3.9627686359414063
13,28,13.720280792118718,21.95699548355277,1.2390851601964152,4.0773369191578235
13,29,8.72163245739219,14.150384333906251,1.1702841933050776,3.9592105057530467
13,30,12.981989095379555,20.915633330422335,1.1030300945207991,3.7422238480735146
13,31,10.820874767894578,17.57449653303846,1.2385947753304298,4.21273125766389
13,32,18.31845984847148,28.004537332026167,1.2229914403905329,4.212793729441927
13,33,10.329085227405393,16.797203384525133,1.165459347746885,3.8009761288509503
13,34,9.231923985313335,15.273416102046362,1.088775064151721,3.629364887975717
13,35,31.484318620893244,47.15748882149242,1.1742675119609791,3.8728126705943486
13,36,16.48847587461764,26.070655813673866,1.4390470730404796,5.034761769922136
13,37,19.724181615600468,31.077022547488518,1.1909325240316628,3.9051775747745867
13,38,6.177539944073682,10.138938551689836,1.2501239450535568,4.194921529057741
13,39,17.06879008386235,27.20931766284091,1.1331636842254007,3.766122108539315
13,40,6.837668059138314,10.816143566273896,1.1026261617710993,3.5739057520745714
13,41,21.70751128346093,34.7827154857316,1.1877430702780718,3.972303926996637
13,42,8.889065057520149,14.344858891164288,1.0973953768271067,3.632471619886852
14,15,7.563355276658976,12.314952860757403,1.1205332825957868,3.7470834613897326
14,16,9.665770066640174,15.696864187758951,1.382346311044689,5.138876655191313
14,17,19.72465079019412,30.20964386138991,0.8361481971499787,2.5887128491258187
14,18,13.6974459345552,21.40137891778478,1.0963617957471907,3.491456340211859
14,19,11.847318602998287,19.48524485423792,1.3386901476634046,4.879761361842404
14,20,7.2894553066470875,12.253356643917911,1.034522303919192,3.4041049233502374
14,21,28.3511944071687,45.5921269898667,1.4487367449734014,5.416658954556182
14,22,10.581780353980227,16.536497109713757,1.416842005860611,5.181892206486484
14,23,9.972578922152856,14.964751914083546,1.363479450954746,4.971771814006749
14,24,11.434253054182877,18.226526837541478,1.6094740280026003,6.15933631653294
14,25,35.03472757144793,52.08084427056169,1.240798325549989,4.506980902295091
14,26,20.173105125692615,34.454352389020364,1.180835135738922,4.0337102767465405
14,27,7.362361273646586,12.099057824752053,1.1533858052239379,3.844596148560879
14,28,24.452297995445317,39.751042267538416,1.2522700391703805,4.311299176315158
14,29,18.225145887370488,28.40247081992822,1.2603432308826577,4.47422308506275
14,30,23.559372038703845,36.354623291226666,0.7700521048444049,2.0715563500640326
14,31,19.7318125261839,33.35309539479864,1.2888127534830742,4.604920975455286
14,32,9.229678389031797,14.743979206487332,1.3767341983536587,5.077744335125046
14,33,20.168345712828344,34.169505152933006,1.1946389148168357,4.234237297616937
14,34,19.552679451606565,31.685188638110617,1.1401996016513685,3.9744746264826194
14,35,43.43467463315164,65.98176866628208,1.124768581466946,3.9265884278876397
14,36,24.924291668579176,43.42189840570736,1.564673370325587,5.807501912179782
14,37,31.019908980344557,47.49040309330462,1.001048364687953,3.298261730609573
14,38,12.782880652068561,21.007468666961607,1.2731446205662307,4.41262233751697
14,39,28.290457844266317,43.16056865131684,0.855124111433813,2.5124047908883287
14,40,11.539294125307741,18.562444087749586,0.938057978236042,3.054575233369863
14,41,33.46903052453612,53.370498404714354,1.1814041236534303,4.189027113370899
14,42,18.806641639269667,29.02395132533235,0.9350374799891196,3.11061453766514
15,16,10.246411988777277,16.625572240949626,1.3133756962793446,4.497664123326639
15,17,18.010793832799546,28.42194277068279,1.0673215701669554,3.45438270044679
15,18,15.890893234839568,25.35120361316572,1.1528984754200147,3.7381124769011413
15,19,10.86643241701632,17.921116274361143,1.1817478929950733,4.074660535648718
15,20,7.537071322037892,12.571260973068576,1.1307187236329024,3.567057036831736
15,21,26.90005530034386,44.38238740339132,1.40218270745219,4.882889213945674
15,22,11.151022144294876,17.211431386148853,1.3235269477206804,4.596484365863223
15,23,8.461260322284943,12.638725734299687,1.2423354654665428,4.269094817882198
15,24,11.939134842172123,16.507344167413933,1.3740316830011392,4.942927312678598
15,25,33.30710882926306,50.887653339991736,1.2150326293805631,4.116260083847801
15,26,19.198337095385266,33.24049370857774,1.1671594073107963,3.988587249120027
15,27,7.791808625601616,12.913750182624819,1.0803113256589858,3.5972859306777
15,28,23.161690570706863,38.57897854743347,1.1762594711421357,3.88203327540156
15,29,16.631685100395572,27.065723185312603,1.220747658978601,4.0487107554426505
15,30,21.9173093385956,35.01058647606893,1.1423124749882525,3.807173337244183
15,31,18.78816556133624,32.09359993367671,1.1902676321972994,4.013680319532858
15,32,10.392949551366279,16.911660619253617,1.2998730711025681,4.434474409682947
15,33,19.177001237504886,32.94898788360787,1.142750461985115,3.755629979724061
15,34,18.231336629449306,30.513752358196587,1.1944054110121654,3.919626458050859
15,35,41.69547537537957,64.84649899734605,1.1373401527435985,3.906501866009728
15,36,24.78123952961951,42.30195301536672,1.363199542590169,4.895532083157871
15,37,29.368186323513452,46.12122774574675,1.090594543094811,3.712882979790177
15,38,11.734424431544804,19.802845697412586,1.153296382853207,3.8555396380369182
15,39,26.537039967696586,41.69071522945034,1.0999372745969958,3.661096518748495
15,40,10.534156980783965,16.424333301312423,1.0803952257042013,3.5143604988504427
15,41,31.944167642249006,52.191210024273786,1.1506028029983186,3.8763668167828422
15,42,17.239224308722928,27.80719465946107,1.0670796191832983,3.551061594708214
16,17,23.156477531054133,36.9975569246095,1.2233298626759166,4.360203313236753
16,18,12.879203295726946,19.58544620890039,1.3084348390982656,4.523813230562241
16,19,12.268361531123231,19.548753433579375,1.2645939110256492,4.350040425902516
16,20,5.315425961800806,8.618855289473286,1.15474513360402,4.022353612123678
16,21,29.86046033619212,44.61266562761517,1.2198927324046807,4.28172708815843
16,22,12.88206043303993,19.678783122089804,1.1981963577892714,4.164427602479257
16,23,9.509834898061442,15.588397206068054,1.233534161694789,4.242940460596372
16,24,7.374491019429804,11.931713818253437,1.2548490673458768,4.397849953493869
16,25,36.303943043398206,52.98097081476752,1.177353998378948,4.071942196062211
16,26,21.25294007854577,32.88954905477593,1.2417062516667852,4.331513548825846
16,27,7.120957207900071,11.190788714471408,1.2496839293856339,4.298520539177785
16,28,26.463771213417086,39.19055546795371,1.2614158954169166,4.324799897658759
16,29,21.15503274154101,33.34462877379487,1.1608682646906563,4.023646802396994
16,30,25.66828468184151,39.94295205782724,1.3424808629832756,4.963900627986591
16,31,21.280080532740868,31.997679979645486,1.212386063281705,4.209821851177177
16,32,8.477051000282136,13.172897326993828,1.2049159957138185,4.187107271341986
16,33,21.711439360781842,33.16961664220075,1.196761570842389,4.060684442760823
16,34,21.42696381816659,32.816573842189214,1.136989553739029,3.9690743357072424
16,35,45.0275094417186,65.5381142716829,1.2170713219191485,4.2622438877873
16,36,23.03223974691313,41.124884481915515,1.3288671957323561,4.674196339473611
16,37,33.189305255431975,51.40607543947204,1.3066203538283143,4.638479304474209
16,38,14.306962564018292,22.29132050669293,1.2350706287891,4.2633365433396735
16,39,30.74141496590704,47.93900304757272,1.3089271553323347,4.750986262785022
16,40,11.429615436258631,18.331290550353135,1.2323995924462794,4.343241055903578
16,41,35.45188703775586,53.37923078320773,1.20209208519474,4.200079707623207
16,42,20.881678990646062,32.850238204713044,1.228856142551937,4.363610704780208
17,18,32.369889188422725,48.59747212883708,1.0624268481944135,3.3024697086448858
17,19,12.562134396347572,20.698315254964466,1.2070563006647017,4.201450573289151
17,20,21.81551731530227,34.149174693422474,0.9587503957119586,3.050814279611844
17,21,12.511270939108757,20.36664785675136,1.2843285323083384,4.6303415030667745
17,22,27.412109847271857,42.67343475978671,1.2544324934057538,4.374205525255374
17,23,15.343310749131444,23.10328973212661,1.2056246823529257,4.221662491210779
17,24,21.07684066329432,36.06485670438123,1.4101756570498145,5.216753003171391
17,25,18.4930238274861,26.60345276681327,1.0988992216739277,3.7985955446604938
17,26,10.288942129143612,16.861000224917735,1.0804151788709286,3.611478278057815
17,27,23.02401104138603,35.259109099852495,1.0665598962884533,3.4885996846604006
17,28,10.213537363690612,16.915838418332296,1.1228631554050605,3.740746338877126
17,29,6.871517529668049,11.162061190152116,1.1250922890188253,3.8365810540996654
17,30,10.123096831989878,15.680682086844133,0.8620684284103346,2.7353398223985943
17,31,10.59903133430035,17.597682474507476,1.1558777928488198,3.989710876264478
17,32,25.406185961913845,38.620840837722774,1.2228109194729682,4.313234810896764
17,33,9.842516767162055,15.923558188918724,1.0760083653772476,3.57920877360975
17,34,8.29727515840302,13.517803495905797,1.0221397806996404,3.3952489618503465
17,35,25.17585653438451,38.09157283770623,1.0379741046342317,3.483077556871758
17,36,19.0910587215973,28.8377359179705,1.411353636744684,5.099675818842729
17,37,14.021765397511263,21.64122192114385,0.9938022189022857,3.22919185863555
17,38,10.649216333594902,17.33866495919463,1.146349415643731,3.8654616020702735
17,39,11.259220573639311,17.460896793622766,0.9046583962675357,2.8656097485315035
17,40,13.519083894445515,21.851328150642605,0.913510431209901,2.893799833139594
17,41,15.420742393731432,25.69856794009428,1.0689433457931445,3.6243689371411865
17,42,8.277459735340111,12.728477441511112,0.9117037573902602,2.970205044211029
18,19,22.942606856666405,36.10272802188753,1.2591927904617892,4.201788385500949
18,20,11.769993527172641,18.922556100441838,1.1295636288495292,3.6234288229390264
18,21,40.748691317715355,62.281379764084406,1.3726924703011079,4.747908231450954
18,22,8.304326629050927,13.585575771734693,1.289695265023603,4.387730669331195
18,23,20.108507822385064,29.318719218539226,1.3595649966007863,4.580219637127466
18,24,16.169065483246722,27.821457309461742,1.437787769287922,5.14645619370529
18,25,47.583764839349,69.19484149878417,1.1987793084176674,4.004083677444831
18,26,31.75584481317134,51.034982310946276,1.1739203806610767,3.7995960656148453
18,27,10.30186526600225,16.610090513407158,1.178438990214961,3.8757301525942314
18,28,36.625842728451474,56.58153798791163,1.2567919452304412,4.145244130777856
18,29,30.87886900895031,46.31947791948224,1.28412664968761,4.264102950664604
18,30,36.14091928345197,54.133640447814315,1.1232952177108722,3.601526973838405
18,31,31.149449412347106,49.920856229203906,1.280674161206264,4.32937155543552
18,32,8.393081123613717,13.379061726129185,1.3376878679380102,4.551296238978241
18,33,31.815696348086185,50.86103787866197,1.2426620256052792,3.97592676731492
18,34,31.808825423814035,48.93161385840777,1.1867678160496204,3.839654899346531
18,35,56.11252044356434,82.79495630727271,1.1266869899779328,3.658770604995025
18,36,33.83118803018847,59.873444457834374,1.4371302730829523,5.03767934538955
18,37,43.54026579967907,65.2646498265,1.1651622527644188,3.825062363240094
18,38,24.504055363923996,38.14126505049856,1.2973787246775217,4.342589498815014
18,39,40.99573675964325,61.09656965311466,1.1306602138933948,3.576622744069206
18,40,22.254521733250787,34.629575282641404,1.140869611544595,3.5624072639432103
18,41,45.923300907784274,70.29659113063684,1.2224185977052107,4.039100927324762
18,42,31.33010622530092,46.75587270858518,1.1288339744020337,3.660327728743155
19,20,11.992648927825021,19.58656011037603,1.196987942420538,4.068752599579131
19,21,18.430137735782793,28.72887295374992,1.3858683778073482,4.753387004330081
19,22,19.81399333798401,33.24093461846207,1.2499079777139086,4.282546674200433
19,23,6.132424648293605,9.880108774488821,1.232035333653091,4.235055882775674
19,24,10.194525117253425,16.769501755180382,1.2716925683860087,4.526275737416105
19,25,25.374515343087726,36.92443647845231,1.2548069692515518,4.251196629742891
19,26,10.314873977048494,17.0389816601288,1.1614031973347767,4.043338119565752
19,27,13.841260392102466,22.702717216685297,1.1706233558029264,4.045540720342706
19,28,15.10682738052157,23.335542105662384,1.1957376741755728,4.097983936126447
19,29,10.05793769510884,16.84152902711471,1.2674287718996606,4.304763112997341
19,30,14.529453251834328,23.634741895332226,1.3119713111909301,4.756915578252522
19,31,10.864145248190727,16.951807789045315,1.1889915231237056,4.148195407123245
19,32,16.07290546114844,25.116656239955486,1.2906924015034706,4.398286598600606
19,33,10.669460996919113,17.2086903370445,1.2176049784477838,4.082790943075727
19,34,10.11415089126806,16.724123972382877,1.1914092043841842,4.047437637404538
19,35,33.725969787013334,49.550761461833225,1.1416842562784202,3.9786703496517655
19,36,15.075772653135068,24.898520962574963,1.3234156972278226,4.706896404601348
19,37,21.848012654721103,35.013602133009414,1.2462641773823007,4.415360436498686
19,38,4.227279241176492,6.94414852547474,1.2166471338925806,4.20877521629152
19,39,19.39445720127474,31.45775693622757,1.25532923945358,4.503962776565349
19,40,3.9310637538705384,6.220994637312479,1.2145501364710753,4.181592299231658
19,41,23.904650189287523,37.260248076098655,1.1589165680654328,4.051141821841314
19,42,9.855233979340667,16.45581444919483,1.2143606263312055,4.259365627920567
20,21,29.69767205184371,45.59215657125107,1.262811928114688,4.4719232993340405
20,22,9.913316539359773,15.421683310121269,1.2368787935621905,4.271925139028065
20,23,9.399667395709521,13.692078114365131,1.181257604961488,4.028618055097544
20,24,7.598749928156469,11.479153266510716,1.3572384877909394,4.855606357408186
20,25,36.48274960628729,52.90090118238391,1.1079162507051923,3.752559871700002
20,26,20.95095603966012,34.283145094905855,1.1271436641621453,3.7869753839448603
20,27,4.473679812583641,6.989980457277566,1.0451622407657655,3.367278494931656
20,28,25.816984178872744,39.841313260562494,1.1002447772200923,3.606850597847051
20,29,20.110476971511076,31.083988742925552,1.1039531584972881,3.70911630320245
20,30,25.191326133381075,38.536851085846955,1.0133927377348604,3.3834840507061417
20,31,20.559035232783224,33.04163980215155,1.0867326371941726,3.680687985237742
20,32,6.681288304010208,10.823144744125903,1.200425177457976,4.111803504493095
20,33,21.126298567922408,34.329642587300164,1.1148783144806707,3.596548428586086
20,34,20.88849742731584,32.60641731879114,0.9985613891915631,3.312853425195992
20,35,45.015149687070846,66.03242638465852,1.1216115458708156,3.7882342992443556
20,36,24.01590202906066,43.23604524685526,1.402695300689432,4.967802915240429
20,37,32.68973781759461,49.914612769411505,1.0865820625852334,3.5247152792123275
20,38,13.59984330921159,21.893239565197838,1.0986931624126886,3.607971488188237
20,39,30.12759696579451,45.977134339805865,1.035057948083692,3.3668065443873374
20,40,11.333521457036648,18.28946922906664,1.0255629743364207,3.257812659676046
20,41,35.02351824448544,53.81461803978471,1.0591640313448623,3.547536683543858
20,42,20.36273794382956,31.170874831963182,1.0058354202094402,3.249298051452498
21,22,36.708325708744574,59.85535255119919,1.2701197863296358,4.4262836045715
21,23,22.005719931274566,34.9235034996966,1.2985799850044588,4.492713908609738
21,24,27.035012879137657,41.16065439393214,1.3156683297273002,4.615912716448193
21,25,10.949828456445607,15.961113382052279,1.1944625406441394,4.169408703446582
21,26,10.693052641081545,16.492298976117574,1.3390312608837542,4.662812997454986
21,27,31.384559329650045,49.09682804135943,1.3672745920771834,4.789678381289823
21,28,8.628552982242073,13.018681951531367,1.356534916121568,4.691117167099778
21,29,11.452037584157582,18.42740727582317,1.1986806390412703,4.20565150216152
21,30,9.429966137929942,15.718322207756485,1.4208495098896063,5.292289205773601
21,31,12.373422496949,18.588306077609133,1.3281367432590911,4.656165437119089
21,32,33.64702795162712,51.23671505467681,1.2420678628557047,4.32992425501039
21,33,11.185165418959054,16.78156074348811,1.2560710262849282,4.308580635389734
21,34,10.147340028181523,16.19698563656163,1.227855171385546,4.317119167750488
21,35,16.233115452567493,23.999740902214832,1.2889390117483959,4.519914029627057
21,36,16.96037329927802,28.9575053831222,1.3913964967518602,4.881626717705094
21,37,9.79624254313187,16.387507574422187,1.3752434109706824,4.949547402684601
21,38,16.6943687052141,25.95520958754406,1.3317907263496471,4.6883662869663425
21,39,8.483645439540807,14.04657727915629,1.3946038877870408,5.100005428717664
21,40,19.33367556870901,30.068410138448986,1.2928474091880169,4.625894170523418
21,41,8.870333223524057,14.433440820156196,1.3168395149739693,4.619901089445826
21,42,10.79772526930169,17.91446236328347,1.2867093181926788,4.639029718707512
22,23,16.828147351811985,25.304991756925467,1.2792739932933241,4.440401474797475
22,24,16.22326809907482,25.666219009990844,1.2246570379878572,4.3003994031119595
22,25,43.30341380148423,66.24128727944073,1.1981345002045407,4.088421160542703
22,26,28.414765548740643,48.72314082393955,1.202623162356787,4.132710010887223
22,27,8.081902850643162,12.554343605487263,1.2938771365212804,4.483971088947537
22,28,32.58209915418818,53.99060187924041,1.3145949747884158,4.534542401511154
22,29,26.224486456055313,41.85981336477253,1.258583965586669,4.394715518813923
22,30,31.708497890831847,49.890015488039964,1.3857266869379548,5.0304702820240905
22,31,27.670785490676405,47.54469536816758,1.2668139209193483,4.409632461489753
22,32,8.783759453548411,13.677162999552687,1.204930896388254,4.178322207440219
22,33,28.293454350759582,48.430084944685184,1.2011922690879782,4.060474596668388
22,34,27.79936459930767,45.74473957506544,1.1707196971404463,4.016677865912538
22,35,51.66612280597432,80.24272928715584,1.1504828547503532,3.9111214549684084
22,36,32.746647730119655,57.87896242818245,1.3016270855176304,4.536847924389
22,37,39.013554700565635,60.95151223714413,1.3384221292071172,4.690248280240665
22,38,20.911696070752708,35.07681126420901,1.318883812747471,4.630081100176223
22,39,36.2758756783219,56.41107755420705,1.35012341302021,4.831319260295376
22,40,19.295732990697704,31.76566282324447,1.2735182762452049,4.431119663555694
22,41,41.61845636690735,67.53910411469589,1.232810663496662,4.2541856582891295
22,42,27.01608429999413,42.83073706734763,1.286426367088239,4.525219135689952
23,24,10.26395080292333,15.597767545378112,1.2499769851456077,4.397145540185051
23,25,28.06323911920351,41.975350991309384,1.224968715403581,4.1837410446946395
23,26,14.651548734077405,23.855121546878486,1.2517672319388584,4.340290836665908
23,27,11.06854035184103,15.843950886521176,1.2064291068948674,4.145044919888153
23,28,19.14131898168626,29.196273185759246,1.1698283083756347,3.957551209769658
23,29,13.182388383418795,19.883318001742584,1.1761544998942781,4.0210622001605
23,30,17.46648647192227,27.42743347654014,1.3316068218777621,4.8178661618395875
23,31,15.107675344180558,23.45065738772241,1.1363331049990153,3.9270578134358365
23,32,13.705430589716887,19.503865085077486,1.2149375958290525,4.154509052092199
23,33,15.120940193943722,23.648302139421897,1.195096481163729,4.047727574477692
23,34,13.841846260298174,21.686473044921687,1.1735072139836302,4.022530037291371
23,35,36.81096529811086,55.357838373375934,1.2177570396413686,4.2507348702702386
23,36,19.4364459367232,32.83828794612572,1.381881541761922,4.8778232746969135
23,37,25.174065568457504,38.72965044523188,1.2358111609055342,4.377636123705333
23,38,7.699200978501589,11.817654663101353,1.1484916161642988,3.9403168378703333
23,39,22.46847489011326,34.79149552973092,1.2925719240381466,4.6265180051456225
23,40,5.60126716312311,8.986110012576036,1.1904048452807656,4.161645998021745
23,41,27.614959227465718,43.05275768458454,1.1679973609912582,4.0538030936119345
23,42,12.7309172348977,19.970508888328503,1.158911556650867,4.09239785916746
24,25,34.319660873506194,50.67166894189993,1.3057580175830943,4.594244883324866
24,26,17.681803915342545,27.846990989045363,1.3095544079684986,4.744607022953549
24,27,9.876137492058922,15.049579796939474,1.3521572441526748,4.826220936981056
24,28,23.144926491595346,36.25752621260141,1.3258304800830003,4.700306480399248
24,29,18.964978381591674,32.26754160136523,1.2886960159877998,4.557218568040756
24,30,23.57230085573977,38.30105415278998,1.5665419688820281,5.930651583540918
24,31,17.492613378921515,27.623876593289943,1.277769151401768,4.555305320830702
24,32,10.833654624785678,17.80495337133727,1.2649060668900003,4.4292662112485415
24,33,17.98661506844011,28.461421913739315,1.28237392771154,4.512374721234383
24,34,18.685918037324118,30.38538853132067,1.2895294369587031,4.612399563482352
24,35,42.52667730802852,62.563302323206294,1.2630054805804236,4.581865671512188
24,36,18.21884815792457,32.4870985494191,1.2974655345669912,4.595137602825261
24,37,30.526314424819894,49.16388274824359,1.4184321925045387,5.239226798837919
24,38,11.90001712636594,20.149825379374033,1.3106023718735045,4.669436036141398
24,39,28.400521159647,46.279945934680384,1.4961321793443776,5.601499633241414
24,40,9.743859926419432,15.672381849692124,1.3851317238582974,5.06474203831518
24,41,32.30776355918064,49.73870861712238,1.292540699313684,4.663507845495407
24,42,18.965733514889692,31.42631561449316,1.3743313338563727,5.04222944541148
25,26,18.50179236501761,25.913280867547005,1.1600992264105876,3.9444660392299955
25,27,38.12595867798762,55.9082281204312,1.201556946826848,4.096922249347105
25,28,14.887494575516868,20.165444882171435,1.1965271071552825,4.04219739773682
25,29,18.358795715953654,25.447919979522986,1.12888711861322,3.84848110602459
25,30,13.923193051711257,20.679432822977294,1.2176941675573152,4.405311878162958
25,31,20.179142948016526,27.535836230719017,1.2184078972283525,4.167482087976125
25,32,40.56241811059103,58.11975548843716,1.1885805437741905,4.08101920874051
25,33,19.13111581098389,25.826532756721704,1.12583927452404,3.7219106899526317
25,34,17.471382425522787,24.16583943498059,1.0939981108322148,3.7118784644814404
25,35,9.816176518854936,15.928381521816078,1.1740509242584867,3.978792054883328
25,36,23.54898293181317,38.91777905433839,1.3315125506917684,4.665600257537356
25,37,11.489992167280931,17.401943922318456,1.2365521448918049,4.255653859614299
25,38,23.904630626115484,33.760083561896444,1.214548259791539,4.159652940004523
25,39,11.181311865835076,16.861489644032147,1.1968410881278497,4.234342427643962
25,40,26.079416800087998,38.109531245129105,1.1219136931469662,3.842066229240862
25,41,10.655149439436455,16.01985396894739,1.1639091019776218,3.974883351982482
25,42,17.156825143795498,24.95249784846574,1.1443647597973605,3.9674436241293773
26,27,22.754657182831817,37.84221023241384,1.1699996625273046,4.020748724006072
26,28,8.461771139113175,13.882711777203214,1.1741203326322869,4.027210470750959
26,29,7.412182955073436,11.316907073466117,1.2137677127367479,4.162430986303629
26,30,10.166971174882477,16.411324648820514,1.1646802972463912,3.9988392646771937
26,31,6.894872794845686,11.312447488243789,1.2126375842068264,4.241069805821109
26,32,24.7544215065199,40.0607089873572,1.2703252193488315,4.385039046078644
26,33,5.28919363621121,8.74482016645926,1.1455049444053436,3.8416376663369136
26,34,5.813332876496938,9.401174912873385,1.0938004455502588,3.673146710480067
26,35,25.699786225541924,37.56901729293054,1.0811890504256334,3.6479337627981208
26,36,11.175023340151839,17.108462299680383,1.3159801352820506,4.690242957923645
26,37,14.597196576296666,24.40861606584286,1.2174252254646063,4.155090795741332
26,38,8.743362191909814,14.752686266186888,1.2373015947330985,4.290647986397478
26,39,12.727388212816631,21.04406648483163,1.1503196782245269,3.912387954467571
26,40,11.362662677083812,18.58295818959588,1.1104655165068325,3.7210253900365453
26,41,15.4201854892479,25.02763121127646,1.1222120326646368,3.88646904844618
26,42,7.6675476684661605,12.201297132011284,1.1527240206853815,3.957230953356243
27,28,27.420954221460995,43.2511713067384,1.128329803614014,3.7457281298112433
27,29,21.47088628827473,32.875700412708106,1.1978444061868367,4.004250682312554
27,30,26.701554078568172,40.64715335520057,1.1347830694178322,3.7895397912767383
27,31,22.254326861888693,36.63992763423196,1.1234366884893117,3.8214331742492798
27,32,6.374588487276519,10.358237022669432,1.2644384386037644,4.306992556982903
27,33,22.84030003731673,37.80344135185357,1.1548945168116886,3.807982421080271
27,34,22.508132319343378,35.496063999365404,1.128657375148427,3.7540489569138935
27,35,46.63128969202327,69.47794483008597,1.149262945307336,3.974802133675635
27,36,26.259880339942935,46.95283209144222,1.3883391013597872,4.960358419206439
27,37,34.18879457528523,51.98812483328184,1.1115741017438714,3.722355081488254
27,38,15.287181614455232,24.818394038890276,1.1148408876907236,3.722607899289264
27,39,31.55850059443103,47.719254277940585,1.1152587967038556,3.7185795565325703
27,40,13.225943250931667,21.370303704867887,1.1038805852124334,3.608456339621887
27,41,36.609234601264326,57.004328972990365,1.1054595062418726,3.766841377173657
27,42,21.88773780652719,33.33142036999896,1.0766120973199653,3.563975981994398
28,29,9.039664592997424,15.010863237755864,1.2053933180302747,4.035042984651707
28,30,9.627969561620924,15.001647301417913,1.2222360082887667,4.2161986782454175
28,31,9.056905570439914,14.388374729094144,1.1448468984683666,3.881128196352148
28,32,29.548473244502873,45.45861915788237,1.2661674121779103,4.2647778685154965
28,33,8.088989402842206,13.212384565420676,1.1947542202843688,3.9312590065289372
28,34,8.15755253004149,13.039999732011681,1.1245776613361167,3.7571636905047447
28,35,20.73381461139244,28.608003937761193,1.19887344054725,4.115838581478248
28,36,15.444351883548416,26.195860062230707,1.409722649625235,4.981041390030296
28,37,11.268234144306891,18.151728909873135,1.204719959035948,4.010830953582765
28,38,13.149353564268806,20.671364214016826,1.1461954747823864,3.8105029865874993
28,39,9.509663556099945,15.061153499767247,1.2120850802882133,4.139114610944226
28,40,16.17932855506976,24.78764178443662,1.155754792137094,3.8229110513335223
28,41,10.625354524787186,16.980560990021708,1.125841008026364,3.8206505840897176
28,42,9.63389177191497,15.507838797408954,1.1375617282511732,3.7925529159508042
29,30,8.434584656366571,13.374926362641723,1.2343802324116588,4.365885942934327
29,31,8.416050143632075,13.74529167851465,1.1803944642090134,4.017573562666523
29,32,23.843542296398628,35.91708261260313,1.192934146411233,4.122019988046959
29,33,7.151875798328493,10.879902496694445,1.1114117805318844,3.719540845725982
29,34,5.229647498589215,8.324619313545178,1.1085399792231438,3.784882025828471
29,35,25.8950236439522,38.7971578174181,1.2066957562202227,4.152550668212403
29,36,16.662219758484483,22.690497829013015,1.3240043277751294,4.680825645341343
29,37,14.124158649603249,21.838980271075677,1.2226766525734614,4.18069391412086
29,38,7.98024927102622,13.26321482183645,1.152672391019647,3.8939516669532863
29,39,11.06690158739563,17.52276278050824,1.2076314507727874,4.2063454375553935
29,40,11.058900978898038,17.98019766081405,1.1136906381727594,3.7943486206319545
29,41,15.931296826402397,26.377975554242777,1.1634069234811402,3.964858724929913
29,42,5.15805702144345,8.027251220720634,1.1235311486319255,3.8468408487265857
30,31,11.634098012052968,18.253686676847376,1.2496526288739918,4.471904441448619
30,32,29.110607255669457,43.49090490501414,1.349054127714146,4.936477935817994
30,33,10.491955869368626,16.608776086951796,1.1768816325390477,4.151044533415061
30,34,8.469404098582231,13.39343515607266,1.1031341466172468,3.861975037367474
30,35,20.779456958856294,32.08538967764743,1.1291993165543108,3.9292850660881706
30,36,17.827701631308475,28.302209201606374,1.5345762854249616,5.66268496765944
30,37,11.704293289928492,18.754415960054423,1.0380680988474267,3.4224308510253896
30,38,12.818998585398205,20.384189690496964,1.2531187619379844,4.327629315635751
30,39,9.274718194281137,15.041034288030303,0.8977757646510777,2.7357861676742217
30,40,15.379332572269407,24.91712403198189,0.9601347352697359,3.153503731176779
30,41,12.553838787932996,20.478413742542088,1.1506906981670382,4.092898599308576
30,42,8.033096115511793,13.213868012648678,0.9614782147278509,3.2202677527170476
31,32,24.184670936348432,38.92889921253846,1.2323824710344111,4.219861070302537
31,33,6.187818706597361,10.492961586268375,1.1966774878449455,4.024345846656016
31,34,7.473039123283727,11.923304277106068,1.1308415998721923,3.8896086796029907
31,35,26.809305018289308,37.42806263435478,1.1902276082362515,4.173963353143456
31,36,12.92117437354386,20.79068491919201,1.3872184597726356,4.935823925229273
31,37,15.615755195672346,25.217579720328573,1.1884107909430008,4.122548591443111
31,38,9.329439976237381,15.087771061135259,1.1192213360369454,3.8001117235812916
31,39,13.75972479878878,21.975252592884882,1.2249574168657293,4.307324196507561
31,40,11.927657428353141,18.562251562997837,1.1702158473647946,3.9932048182791053
31,41,16.078932594932855,25.171594057165965,1.117506287519909,3.889763139720676
31,42,9.356337784478379,15.02056257239282,1.1251468841183099,3.8881050878756467
32,33,24.809255865228568,39.8933015239318,1.1846099128707257,3.9964349493207396
32,34,24.747083296288114,37.899733135831745,1.1757143763408369,4.052371997195108
32,35,49.01119257464198,71.77048660226102,1.224833273899486,4.2634733780651
32,36,27.564735450113467,49.05861889298872,1.3542079217438605,4.762857642669037
32,37,36.5060002479165,54.77081185425247,1.2863301963547131,4.550033625865448
32,38,17.50613843874071,27.144364703740447,1.2404567193414944,4.261724692658151
32,39,33.954656224481816,50.749882002158145,1.3162835989920412,4.744683091486183
32,40,15.485997213601037,23.652862727443175,1.2267432581851996,4.309949893679673
32,41,38.82717612057906,59.326647784304825,1.224623759724407,4.22368969370148
32,42,24.309349270210756,36.004589626935974,1.2176310675989295,4.295477437162562
33,34,5.966435433759865,9.55169942331585,1.1061875689336478,3.6374127242051566
33,35,25.955834768727424,36.926582813077886,1.1358650703017834,3.8082120793179297
33,36,11.742996956869254,17.76624977829802,1.266939777148546,4.439686440666491
33,37,14.679470830154322,23.816770139278837,1.1766780687817784,3.9694675309623073
33,38,8.849033109048015,14.592352214727319,1.1564640538126925,3.8936910922431243
33,39,12.816258127500143,20.497548288793574,1.1427863821265671,3.956152102093703
33,40,11.79338270277935,18.53808713458268,1.0668550959289649,3.548586143901766
33,41,15.324429970567353,24.47728880175309,1.1256962356536535,3.7632865568988687
33,42,8.042021650537297,12.719755166675556,1.1047032074380638,3.7306270671550408
34,35,24.958509666156996,36.51167207102277,1.1066347831070846,3.718535644415863
34,36,13.920450254646385,20.40967894803072,1.3434955862408169,4.7474419914519475
34,37,13.572216175478507,21.91826583043079,1.172770065496558,3.9359901474233707
34,38,8.266344603635138,13.69440708424903,1.1626334615869054,3.9248019908605607
34,39,11.060041581729811,18.15835836311645,1.1227788250185606,3.836022111929959
34,40,11.121483042613097,18.091586104518854,1.0680677560208418,3.535677986378648
34,41,14.911936628336903,24.171910907510636,1.0754523477463167,3.668322143098219
34,42,5.624585360424458,8.911532750212837,1.0805237124981417,3.6421481272331953
35,36,29.819326219920846,50.7299021145741,1.3044972289819625,4.639454181123868
35,37,14.717188502896514,22.59460094909567,1.1217348453231655,3.883006792420979
35,38,32.04307436111444,46.753563363989834,1.224852584395456,4.287474518428626
35,39,16.455502873666514,25.752296426016105,1.1131466288304679,3.83650725404523
35,40,34.53369009314666,50.99132439397482,1.080375992062857,3.6270135667829146
35,41,12.585333956375374,17.64935991249734,1.1288482525236543,3.8990056575700254
35,42,25.172739048545456,38.46777813866021,1.080355974040518,3.72856016501963
36,37,20.955448413930476,36.70884294801163,1.448034439649445,5.2670293749037285
36,38,14.835116855229458,23.0849660882233,1.3808490026292586,4.921691807412487
36,39,20.27226098014743,34.07997116256302,1.4602289111499416,5.360104374648441
36,40,15.691607699531753,26.26256367010536,1.3725540081081335,4.942439513466075
36,41,20.794487662283846,36.951871452204365,1.3387607382548927,4.784884426797294
36,42,15.926763600507668,22.888366369521446,1.4119629607411128,5.117842233967466
37,38,19.99018475396605,31.621546698924735,1.1722259261823644,4.004410440784946
37,39,9.029760868267806,14.646180199275225,1.0360918320858143,3.4519975824374693
37,40,22.76537243765087,36.13832842854025,1.0390932142201283,3.436314927387581
37,41,9.055656395509253,14.900835260190911,1.162400017519508,3.987635217860164
37,42,13.999087222268939,22.004977644155236,0.990792749294792,3.3503201774634466
38,39,17.469039621601922,27.98359379894213,1.20152003727579,4.1359552434808
38,40,5.189820006821682,8.332580965968901,1.1402963415285212,3.8328258014141805
38,41,21.98469339925032,34.495754052077686,1.1366230053755475,3.87771281377433
38,42,8.205086687706746,12.98057438587114,1.113418281539433,3.7690786681777495
39,40,20.301542322483773,32.623137811734956,0.9614847787770014,3.145748151997666
39,41,9.057467533362583,14.898543881939819,1.1331282698977179,3.9654269416941244
39,42,11.007968154966738,17.917139011764103,0.9747071270065939,3.251449895598535
40,41,24.872641071303356,38.69410897960349,1.0920616944470234,3.6834576348313983
40,42,10.69851044174999,17.567099029153052,0.9547443045198647,3.1610271616270023
41,42,15.866839067583214,25.980157576173738,1.0960912057783538,3.762184528344244
