Linkage,Affinity,Number_of_Clusters,TASK_Group
average,euclidean,4,"{'0': [10, 27, 71, 130], '1': [102], '2': [1, 2, 3, 4, 5, 6, 7, 8, 9, 11, 12, 13, 14, 15, 16, 17, 18, 19, 20, 21, 22, 23, 24, 25, 26, 28, 29, 30, 31, 32, 33, 34, 35, 36, 37, 38, 39, 40, 41, 42, 43, 44, 45, 46, 47, 48, 49, 50, 51, 52, 53, 55, 56, 57, 58, 59, 60, 61, 62, 63, 64, 65, 66, 67, 68, 69, 70, 72, 73, 74, 75, 76, 77, 78, 79, 80, 81, 82, 83, 84, 85, 86, 87, 88, 89, 90, 91, 92, 93, 94, 95, 96, 97, 98, 99, 100, 101, 103, 104, 105, 106, 107, 108, 109, 110, 111, 112, 113, 114, 115, 116, 117, 118, 119, 120, 121, 122, 123, 124, 125, 126, 127, 128, 129, 131, 132, 133, 134, 135, 136, 137, 138, 139], '3': [54]}"
average,euclidean,5,"{'0': [1, 2, 3, 4, 5, 6, 7, 8, 9, 11, 12, 13, 14, 15, 16, 17, 18, 19, 20, 21, 22, 23, 24, 25, 26, 28, 29, 30, 31, 32, 33, 34, 35, 36, 37, 38, 39, 40, 41, 42, 43, 44, 45, 46, 47, 48, 49, 50, 51, 52, 53, 55, 56, 57, 58, 59, 60, 61, 62, 63, 64, 65, 66, 67, 68, 69, 70, 72, 73, 74, 75, 76, 77, 78, 79, 80, 81, 82, 83, 84, 85, 86, 87, 88, 89, 90, 91, 92, 93, 94, 95, 96, 97, 98, 99, 100, 101, 103, 104, 105, 106, 107, 108, 109, 110, 111, 112, 113, 114, 115, 116, 117, 118, 119, 120, 121, 122, 123, 124, 125, 126, 127, 128, 129, 131, 132, 133, 134, 135, 136, 137, 138, 139], '1': [130], '2': [10, 27, 71], '3': [54], '4': [102]}"
average,euclidean,6,"{'0': [10, 27, 71], '1': [130], '2': [7, 9, 13, 14, 17, 18, 19, 22, 23, 26, 29, 31, 32, 35, 36, 38, 39, 40, 45, 46, 47, 49, 51, 53, 59, 61, 64, 67, 69, 78, 88, 90, 91, 92, 94, 95, 109, 111, 118, 120, 126, 127, 129, 132, 133, 134, 135, 139], '3': [54], '4': [102], '5': [1, 2, 3, 4, 5, 6, 8, 11, 12, 15, 16, 20, 21, 24, 25, 28, 30, 33, 34, 37, 41, 42, 43, 44, 48, 50, 52, 55, 56, 57, 58, 60, 62, 63, 65, 66, 68, 70, 72, 73, 74, 75, 76, 77, 79, 80, 81, 82, 83, 84, 85, 86, 87, 89, 93, 96, 97, 98, 99, 100, 101, 103, 104, 105, 106, 107, 108, 110, 112, 113, 114, 115, 116, 117, 119, 121, 122, 123, 124, 125, 128, 131, 136, 137, 138]}"
average,euclidean,7,"{'0': [27, 71], '1': [130], '2': [7, 9, 13, 14, 17, 18, 19, 22, 23, 26, 29, 31, 32, 35, 36, 38, 39, 40, 45, 46, 47, 49, 51, 53, 59, 61, 64, 67, 69, 78, 88, 90, 91, 92, 94, 95, 109, 111, 118, 120, 126, 127, 129, 132, 133, 134, 135, 139], '3': [54], '4': [102], '5': [1, 2, 3, 4, 5, 6, 8, 11, 12, 15, 16, 20, 21, 24, 25, 28, 30, 33, 34, 37, 41, 42, 43, 44, 48, 50, 52, 55, 56, 57, 58, 60, 62, 63, 65, 66, 68, 70, 72, 73, 74, 75, 76, 77, 79, 80, 81, 82, 83, 84, 85, 86, 87, 89, 93, 96, 97, 98, 99, 100, 101, 103, 104, 105, 106, 107, 108, 110, 112, 113, 114, 115, 116, 117, 119, 121, 122, 123, 124, 125, 128, 131, 136, 137, 138], '6': [10]}"
average,euclidean,8,"{'0': [7, 9, 13, 14, 17, 18, 19, 22, 23, 26, 29, 31, 32, 35, 36, 38, 39, 40, 45, 46, 47, 49, 51, 53, 59, 61, 64, 67, 69, 78, 88, 90, 91, 92, 94, 95, 109, 111, 118, 120, 126, 127, 129, 132, 133, 134, 135, 139], '1': [130], '2': [1, 2, 3, 4, 5, 6, 8, 11, 12, 15, 16, 20, 21, 24, 25, 28, 30, 33, 34, 37, 41, 42, 43, 44, 48, 50, 52, 55, 56, 57, 58, 60, 62, 63, 65, 66, 68, 70, 72, 73, 74, 75, 76, 77, 79, 80, 81, 82, 83, 84, 85, 86, 87, 89, 93, 96, 97, 98, 99, 100, 101, 103, 104, 105, 106, 107, 108, 110, 112, 113, 114, 115, 116, 117, 119, 121, 122, 123, 124, 125, 128, 131, 136, 137, 138], '3': [54], '4': [102], '5': [71], '6': [10], '7': [27]}"
average,euclidean,9,"{'0': [35, 91, 134], '1': [7, 9, 13, 14, 17, 18, 19, 22, 23, 26, 29, 31, 32, 36, 38, 39, 40, 45, 46, 47, 49, 51, 53, 59, 61, 64, 67, 69, 78, 88, 90, 92, 94, 95, 109, 111, 118, 120, 126, 127, 129, 132, 133, 135, 139], '2': [1, 2, 3, 4, 5, 6, 8, 11, 12, 15, 16, 20, 21, 24, 25, 28, 30, 33, 34, 37, 41, 42, 43, 44, 48, 50, 52, 55, 56, 57, 58, 60, 62, 63, 65, 66, 68, 70, 72, 73, 74, 75, 76, 77, 79, 80, 81, 82, 83, 84, 85, 86, 87, 89, 93, 96, 97, 98, 99, 100, 101, 103, 104, 105, 106, 107, 108, 110, 112, 113, 114, 115, 116, 117, 119, 121, 122, 123, 124, 125, 128, 131, 136, 137, 138], '3': [130], '4': [102], '5': [71], '6': [10], '7': [27], '8': [54]}"
average,euclidean,10,"{'0': [7, 9, 13, 14, 17, 18, 19, 22, 23, 26, 29, 31, 32, 36, 38, 39, 40, 45, 46, 47, 49, 51, 53, 59, 61, 64, 67, 69, 78, 88, 90, 92, 94, 95, 109, 111, 118, 120, 126, 127, 129, 132, 133, 135, 139], '1': [35, 134], '2': [1, 2, 3, 4, 5, 6, 8, 11, 12, 15, 16, 20, 21, 24, 25, 28, 30, 33, 34, 37, 41, 42, 43, 44, 48, 50, 52, 55, 56, 57, 58, 60, 62, 63, 65, 66, 68, 70, 72, 73, 74, 75, 76, 77, 79, 80, 81, 82, 83, 84, 85, 86, 87, 89, 93, 96, 97, 98, 99, 100, 101, 103, 104, 105, 106, 107, 108, 110, 112, 113, 114, 115, 116, 117, 119, 121, 122, 123, 124, 125, 128, 131, 136, 137, 138], '3': [130], '4': [102], '5': [71], '6': [10], '7': [27], '8': [54], '9': [91]}"
average,euclidean,11,"{'0': [7, 9, 13, 14, 17, 18, 19, 22, 23, 26, 29, 31, 32, 36, 38, 39, 40, 45, 46, 47, 49, 51, 53, 59, 61, 64, 67, 69, 78, 88, 90, 92, 94, 95, 109, 111, 118, 120, 126, 127, 129, 132, 133, 139], '1': [35, 134], '2': [1, 2, 3, 4, 5, 6, 8, 11, 12, 15, 16, 20, 21, 24, 25, 28, 30, 33, 34, 37, 41, 42, 43, 44, 48, 50, 52, 55, 56, 57, 58, 60, 62, 63, 65, 66, 68, 70, 72, 73, 74, 75, 76, 77, 79, 80, 81, 82, 83, 84, 85, 86, 87, 89, 93, 96, 97, 98, 99, 100, 101, 103, 104, 105, 106, 107, 108, 110, 112, 113, 114, 115, 116, 117, 119, 121, 122, 123, 124, 125, 128, 131, 136, 137, 138], '3': [130], '4': [135], '5': [71], '6': [10], '7': [27], '8': [54], '9': [91], '10': [102]}"
average,euclidean,12,"{'0': [9, 29, 31, 36, 38, 47, 59, 64, 94, 120, 126, 129, 132, 139], '1': [35, 134], '2': [1, 2, 3, 4, 5, 6, 8, 11, 12, 15, 16, 20, 21, 24, 25, 28, 30, 33, 34, 37, 41, 42, 43, 44, 48, 50, 52, 55, 56, 57, 58, 60, 62, 63, 65, 66, 68, 70, 72, 73, 74, 75, 76, 77, 79, 80, 81, 82, 83, 84, 85, 86, 87, 89, 93, 96, 97, 98, 99, 100, 101, 103, 104, 105, 106, 107, 108, 110, 112, 113, 114, 115, 116, 117, 119, 121, 122, 123, 124, 125, 128, 131, 136, 137, 138], '3': [130], '4': [135], '5': [7, 13, 14, 17, 18, 19, 22, 23, 26, 32, 39, 40, 45, 46, 49, 51, 53, 61, 67, 69, 78, 88, 90, 92, 95, 109, 111, 118, 127, 133], '6': [10], '7': [27], '8': [54], '9': [91], '10': [102], '11': [71]}"
average,euclidean,13,"{'0': [9, 31, 36, 38, 47, 59, 64, 94, 120, 126, 129, 132, 139], '1': [35, 134], '2': [1, 2, 3, 4, 5, 6, 8, 11, 12, 15, 16, 20, 21, 24, 25, 28, 30, 33, 34, 37, 41, 42, 43, 44, 48, 50, 52, 55, 56, 57, 58, 60, 62, 63, 65, 66, 68, 70, 72, 73, 74, 75, 76, 77, 79, 80, 81, 82, 83, 84, 85, 86, 87, 89, 93, 96, 97, 98, 99, 100, 101, 103, 104, 105, 106, 107, 108, 110, 112, 113, 114, 115, 116, 117, 119, 121, 122, 123, 124, 125, 128, 131, 136, 137, 138], '3': [130], '4': [135], '5': [7, 13, 14, 17, 18, 19, 22, 23, 26, 32, 39, 40, 45, 46, 49, 51, 53, 61, 67, 69, 78, 88, 90, 92, 95, 109, 111, 118, 127, 133], '6': [10], '7': [27], '8': [54], '9': [91], '10': [102], '11': [71], '12': [29]}"
average,euclidean,14,"{'0': [9, 31, 38, 47, 64, 94, 120, 126, 129, 132, 139], '1': [35, 134], '2': [1, 2, 3, 4, 5, 6, 8, 11, 12, 15, 16, 20, 21, 24, 25, 28, 30, 33, 34, 37, 41, 42, 43, 44, 48, 50, 52, 55, 56, 57, 58, 60, 62, 63, 65, 66, 68, 70, 72, 73, 74, 75, 76, 77, 79, 80, 81, 82, 83, 84, 85, 86, 87, 89, 93, 96, 97, 98, 99, 100, 101, 103, 104, 105, 106, 107, 108, 110, 112, 113, 114, 115, 116, 117, 119, 121, 122, 123, 124, 125, 128, 131, 136, 137, 138], '3': [130], '4': [135], '5': [7, 13, 14, 17, 18, 19, 22, 23, 26, 32, 39, 40, 45, 46, 49, 51, 53, 61, 67, 69, 78, 88, 90, 92, 95, 109, 111, 118, 127, 133], '6': [36, 59], '7': [27], '8': [54], '9': [91], '10': [102], '11': [71], '12': [29], '13': [10]}"
average,euclidean,15,"{'0': [1, 2, 3, 4, 5, 6, 8, 11, 12, 15, 16, 20, 21, 24, 25, 28, 30, 33, 34, 37, 41, 42, 43, 44, 48, 50, 52, 55, 56, 57, 58, 60, 62, 63, 65, 66, 68, 70, 72, 73, 74, 75, 76, 77, 79, 80, 81, 82, 83, 84, 85, 86, 87, 89, 93, 96, 97, 98, 99, 100, 101, 103, 104, 105, 106, 107, 108, 110, 112, 113, 114, 115, 116, 117, 119, 121, 122, 123, 124, 125, 128, 131, 136, 137, 138], '1': [35, 134], '2': [9, 31, 38, 64, 94, 126, 129, 132, 139], '3': [130], '4': [135], '5': [7, 13, 14, 17, 18, 19, 22, 23, 26, 32, 39, 40, 45, 46, 49, 51, 53, 61, 67, 69, 78, 88, 90, 92, 95, 109, 111, 118, 127, 133], '6': [47, 120], '7': [27], '8': [54], '9': [91], '10': [102], '11': [71], '12': [29], '13': [10], '14': [36, 59]}"
average,euclidean,16,"{'0': [35, 134], '1': [1, 2, 3, 6, 8, 11, 15, 16, 20, 21, 25, 28, 30, 33, 34, 41, 42, 43, 48, 56, 58, 60, 62, 63, 68, 70, 72, 73, 76, 77, 80, 81, 83, 84, 85, 86, 87, 89, 93, 96, 97, 98, 99, 101, 103, 104, 107, 108, 110, 114, 115, 116, 117, 121, 123, 124, 125, 131, 136], '2': [9, 31, 38, 64, 94, 126, 129, 132, 139], '3': [4, 5, 12, 24, 37, 44, 50, 52, 55, 57, 65, 66, 74, 75, 79, 82, 100, 105, 106, 112, 113, 119, 122, 128, 137, 138], '4': [135], '5': [7, 13, 14, 17, 18, 19, 22, 23, 26, 32, 39, 40, 45, 46, 49, 51, 53, 61, 67, 69, 78, 88, 90, 92, 95, 109, 111, 118, 127, 133], '6': [47, 120], '7': [130], '8': [54], '9': [91], '10': [102], '11': [71], '12': [29], '13': [10], '14': [36, 59], '15': [27]}"
average,euclidean,17,"{'0': [9, 31, 38, 64, 94, 126, 129, 132, 139], '1': [1, 2, 3, 6, 8, 11, 15, 16, 20, 21, 25, 28, 30, 33, 34, 41, 42, 43, 48, 56, 58, 60, 62, 63, 68, 70, 72, 73, 76, 77, 80, 81, 83, 84, 85, 86, 87, 89, 93, 96, 97, 98, 99, 101, 103, 104, 107, 108, 110, 114, 115, 116, 117, 121, 123, 124, 125, 131, 136], '2': [7, 13, 14, 17, 18, 19, 22, 23, 26, 32, 39, 40, 45, 46, 49, 51, 53, 61, 67, 69, 78, 88, 90, 92, 95, 109, 111, 118, 127, 133], '3': [4, 5, 12, 24, 37, 44, 50, 52, 55, 57, 65, 66, 74, 75, 79, 82, 100, 105, 106, 112, 113, 119, 122, 128, 137, 138], '4': [135], '5': [134], '6': [47, 120], '7': [130], '8': [54], '9': [91], '10': [102], '11': [71], '12': [29], '13': [10], '14': [36, 59], '15': [27], '16': [35]}"
average,euclidean,18,"{'0': [7, 13, 14, 17, 18, 19, 22, 23, 26, 32, 39, 40, 45, 46, 49, 51, 53, 61, 67, 69, 78, 88, 90, 92, 95, 109, 111, 118, 127, 133], '1': [9, 94, 132], '2': [31, 38, 64, 126, 129, 139], '3': [1, 2, 3, 6, 8, 11, 15, 16, 20, 21, 25, 28, 30, 33, 34, 41, 42, 43, 48, 56, 58, 60, 62, 63, 68, 70, 72, 73, 76, 77, 80, 81, 83, 84, 85, 86, 87, 89, 93, 96, 97, 98, 99, 101, 103, 104, 107, 108, 110, 114, 115, 116, 117, 121, 123, 124, 125, 131, 136], '4': [135], '5': [134], '6': [47, 120], '7': [130], '8': [4, 5, 12, 24, 37, 44, 50, 52, 55, 57, 65, 66, 74, 75, 79, 82, 100, 105, 106, 112, 113, 119, 122, 128, 137, 138], '9': [91], '10': [102], '11': [71], '12': [29], '13': [10], '14': [36, 59], '15': [27], '16': [35], '17': [54]}"
average,euclidean,19,"{'0': [7, 13, 14, 17, 18, 19, 23, 26, 32, 39, 40, 45, 46, 49, 61, 67, 69, 78, 88, 90, 92, 109, 111, 127, 133], '1': [22, 51, 53, 95, 118], '2': [31, 38, 64, 126, 129, 139], '3': [9, 94, 132], '4': [135], '5': [134], '6': [47, 120], '7': [130], '8': [1, 2, 3, 6, 8, 11, 15, 16, 20, 21, 25, 28, 30, 33, 34, 41, 42, 43, 48, 56, 58, 60, 62, 63, 68, 70, 72, 73, 76, 77, 80, 81, 83, 84, 85, 86, 87, 89, 93, 96, 97, 98, 99, 101, 103, 104, 107, 108, 110, 114, 115, 116, 117, 121, 123, 124, 125, 131, 136], '9': [91], '10': [102], '11': [71], '12': [29], '13': [10], '14': [36, 59], '15': [27], '16': [35], '17': [54], '18': [4, 5, 12, 24, 37, 44, 50, 52, 55, 57, 65, 66, 74, 75, 79, 82, 100, 105, 106, 112, 113, 119, 122, 128, 137, 138]}"
average,euclidean,20,"{'0': [31, 38, 64, 126, 129, 139], '1': [22, 51, 53, 95, 118], '2': [7, 13, 14, 17, 18, 19, 23, 26, 32, 39, 45, 46, 49, 61, 67, 69, 78, 88, 90, 92, 109, 111, 127, 133], '3': [9, 94, 132], '4': [135], '5': [134], '6': [47, 120], '7': [130], '8': [1, 2, 3, 6, 8, 11, 15, 16, 20, 21, 25, 28, 30, 33, 34, 41, 42, 43, 48, 56, 58, 60, 62, 63, 68, 70, 72, 73, 76, 77, 80, 81, 83, 84, 85, 86, 87, 89, 93, 96, 97, 98, 99, 101, 103, 104, 107, 108, 110, 114, 115, 116, 117, 121, 123, 124, 125, 131, 136], '9': [91], '10': [102], '11': [71], '12': [29], '13': [10], '14': [36, 59], '15': [27], '16': [35], '17': [54], '18': [4, 5, 12, 24, 37, 44, 50, 52, 55, 57, 65, 66, 74, 75, 79, 82, 100, 105, 106, 112, 113, 119, 122, 128, 137, 138], '19': [40]}"
average,manhattan,4,"{'0': [10, 54, 130], '1': [2, 3, 4, 5, 6, 11, 12, 15, 16, 20, 21, 24, 25, 30, 33, 34, 37, 41, 42, 43, 44, 48, 50, 52, 55, 56, 57, 58, 60, 62, 63, 65, 66, 68, 70, 72, 73, 74, 75, 76, 77, 79, 81, 82, 83, 84, 85, 86, 87, 89, 93, 96, 97, 98, 99, 100, 101, 103, 104, 105, 106, 107, 108, 110, 112, 113, 114, 116, 117, 119, 121, 122, 123, 124, 125, 128, 131, 136, 137, 138], '2': [1, 7, 8, 9, 13, 14, 17, 18, 19, 22, 23, 26, 27, 28, 29, 31, 32, 35, 36, 38, 39, 40, 45, 46, 47, 49, 51, 53, 59, 61, 64, 67, 69, 71, 78, 80, 88, 90, 91, 92, 94, 95, 109, 111, 115, 118, 120, 126, 127, 129, 132, 133, 134, 135, 139], '3': [102]}"
average,manhattan,5,"{'0': [1, 7, 8, 9, 13, 14, 17, 18, 19, 22, 23, 26, 27, 28, 29, 31, 32, 35, 36, 38, 39, 40, 45, 46, 47, 49, 51, 53, 59, 61, 64, 67, 69, 71, 78, 80, 88, 90, 91, 92, 94, 95, 109, 111, 115, 118, 120, 126, 127, 129, 132, 133, 134, 135, 139], '1': [2, 3, 4, 5, 6, 11, 12, 15, 16, 20, 21, 24, 25, 30, 33, 34, 37, 41, 42, 43, 44, 48, 50, 52, 55, 56, 57, 58, 60, 62, 63, 65, 66, 68, 70, 72, 73, 74, 75, 76, 77, 79, 81, 82, 83, 84, 85, 86, 87, 89, 93, 96, 97, 98, 99, 100, 101, 103, 104, 105, 106, 107, 108, 110, 112, 113, 114, 116, 117, 119, 121, 122, 123, 124, 125, 128, 131, 136, 137, 138], '2': [10, 54], '3': [102], '4': [130]}"
average,manhattan,6,"{'0': [10, 54], '1': [2, 3, 4, 5, 6, 11, 12, 15, 16, 20, 21, 24, 25, 30, 33, 34, 37, 41, 42, 43, 44, 48, 50, 52, 55, 56, 57, 58, 60, 62, 63, 65, 66, 68, 70, 72, 73, 74, 75, 76, 77, 79, 81, 82, 83, 84, 85, 86, 87, 89, 93, 96, 97, 98, 99, 100, 101, 103, 104, 105, 106, 107, 108, 110, 112, 113, 114, 116, 117, 119, 121, 122, 123, 124, 125, 128, 131, 136, 137, 138], '2': [1, 7, 8, 9, 13, 14, 17, 18, 19, 22, 23, 26, 28, 29, 31, 32, 35, 36, 38, 39, 40, 45, 46, 47, 49, 51, 53, 59, 61, 64, 67, 69, 71, 78, 80, 88, 90, 91, 92, 94, 95, 109, 111, 115, 118, 120, 126, 127, 129, 132, 133, 134, 135, 139], '3': [102], '4': [130], '5': [27]}"
average,manhattan,7,"{'0': [2, 3, 4, 5, 6, 11, 12, 15, 16, 20, 21, 24, 25, 30, 33, 34, 37, 41, 42, 43, 44, 48, 50, 52, 55, 56, 57, 58, 60, 62, 63, 65, 66, 68, 70, 72, 73, 74, 75, 76, 77, 79, 81, 82, 83, 84, 85, 86, 87, 89, 93, 96, 97, 98, 99, 100, 101, 103, 104, 105, 106, 107, 108, 110, 112, 113, 114, 116, 117, 119, 121, 122, 123, 124, 125, 128, 131, 136, 137, 138], '1': [130], '2': [1, 7, 8, 9, 13, 14, 17, 18, 19, 22, 23, 26, 28, 29, 31, 32, 35, 36, 38, 39, 40, 45, 46, 47, 49, 51, 53, 59, 61, 64, 67, 69, 71, 78, 80, 88, 90, 91, 92, 94, 95, 109, 111, 115, 118, 120, 126, 127, 129, 132, 133, 134, 135, 139], '3': [102], '4': [54], '5': [27], '6': [10]}"
average,manhattan,8,"{'0': [1, 7, 8, 9, 13, 14, 17, 18, 19, 22, 23, 26, 28, 29, 31, 32, 35, 36, 38, 39, 40, 45, 46, 47, 49, 51, 53, 59, 61, 64, 67, 69, 71, 78, 80, 88, 90, 91, 92, 94, 95, 109, 111, 115, 118, 120, 126, 127, 129, 132, 133, 134, 135, 139], '1': [2, 3, 6, 11, 15, 16, 20, 21, 25, 30, 33, 34, 41, 42, 43, 48, 56, 58, 60, 62, 63, 68, 70, 72, 73, 76, 77, 81, 83, 84, 85, 86, 87, 89, 93, 96, 97, 98, 99, 101, 103, 104, 107, 108, 110, 112, 114, 116, 117, 121, 123, 124, 125, 131, 136], '2': [4, 5, 12, 24, 37, 44, 50, 52, 55, 57, 65, 66, 74, 75, 79, 82, 100, 105, 106, 113, 119, 122, 128, 137, 138], '3': [130], '4': [54], '5': [27], '6': [10], '7': [102]}"
average,manhattan,9,"{'0': [9, 26, 29, 31, 35, 36, 38, 47, 51, 53, 59, 61, 64, 71, 91, 94, 118, 120, 126, 129, 132, 134, 135, 139], '1': [1, 7, 8, 13, 14, 17, 18, 19, 22, 23, 28, 32, 39, 40, 45, 46, 49, 67, 69, 78, 80, 88, 90, 92, 95, 109, 111, 115, 127, 133], '2': [4, 5, 12, 24, 37, 44, 50, 52, 55, 57, 65, 66, 74, 75, 79, 82, 100, 105, 106, 113, 119, 122, 128, 137, 138], '3': [2, 3, 6, 11, 15, 16, 20, 21, 25, 30, 33, 34, 41, 42, 43, 48, 56, 58, 60, 62, 63, 68, 70, 72, 73, 76, 77, 81, 83, 84, 85, 86, 87, 89, 93, 96, 97, 98, 99, 101, 103, 104, 107, 108, 110, 112, 114, 116, 117, 121, 123, 124, 125, 131, 136], '4': [54], '5': [27], '6': [10], '7': [102], '8': [130]}"
average,manhattan,10,"{'0': [9, 26, 29, 31, 35, 36, 38, 47, 51, 53, 59, 61, 64, 71, 91, 94, 118, 120, 126, 129, 132, 134, 139], '1': [1, 7, 8, 13, 14, 17, 18, 19, 22, 23, 28, 32, 39, 40, 45, 46, 49, 67, 69, 78, 80, 88, 90, 92, 95, 109, 111, 115, 127, 133], '2': [4, 5, 12, 24, 37, 44, 50, 52, 55, 57, 65, 66, 74, 75, 79, 82, 100, 105, 106, 113, 119, 122, 128, 137, 138], '3': [2, 3, 6, 11, 15, 16, 20, 21, 25, 30, 33, 34, 41, 42, 43, 48, 56, 58, 60, 62, 63, 68, 70, 72, 73, 76, 77, 81, 83, 84, 85, 86, 87, 89, 93, 96, 97, 98, 99, 101, 103, 104, 107, 108, 110, 112, 114, 116, 117, 121, 123, 124, 125, 131, 136], '4': [135], '5': [27], '6': [10], '7': [102], '8': [130], '9': [54]}"
average,manhattan,11,"{'0': [35, 36, 71, 91, 134], '1': [9, 26, 29, 31, 38, 47, 51, 53, 59, 61, 64, 94, 118, 120, 126, 129, 132, 139], '2': [4, 5, 12, 24, 37, 44, 50, 52, 55, 57, 65, 66, 74, 75, 79, 82, 100, 105, 106, 113, 119, 122, 128, 137, 138], '3': [2, 3, 6, 11, 15, 16, 20, 21, 25, 30, 33, 34, 41, 42, 43, 48, 56, 58, 60, 62, 63, 68, 70, 72, 73, 76, 77, 81, 83, 84, 85, 86, 87, 89, 93, 96, 97, 98, 99, 101, 103, 104, 107, 108, 110, 112, 114, 116, 117, 121, 123, 124, 125, 131, 136], '4': [1, 7, 8, 13, 14, 17, 18, 19, 22, 23, 28, 32, 39, 40, 45, 46, 49, 67, 69, 78, 80, 88, 90, 92, 95, 109, 111, 115, 127, 133], '5': [27], '6': [10], '7': [102], '8': [130], '9': [54], '10': [135]}"
average,manhattan,12,"{'0': [9, 26, 29, 31, 38, 47, 51, 53, 59, 61, 64, 94, 118, 120, 126, 129, 132, 139], '1': [1, 7, 8, 13, 14, 17, 18, 19, 22, 23, 28, 32, 39, 40, 45, 46, 49, 67, 69, 78, 80, 88, 90, 92, 95, 109, 111, 115, 127, 133], '2': [4, 5, 12, 24, 37, 44, 50, 52, 55, 57, 65, 66, 74, 75, 79, 82, 100, 105, 106, 113, 119, 122, 128, 137, 138], '3': [2, 3, 6, 11, 15, 16, 20, 21, 25, 30, 33, 34, 41, 42, 43, 48, 56, 58, 60, 62, 63, 68, 70, 72, 73, 76, 77, 81, 83, 84, 85, 86, 87, 89, 93, 96, 97, 98, 99, 101, 103, 104, 107, 108, 110, 112, 114, 116, 117, 121, 123, 124, 125, 131, 136], '4': [35, 36, 71, 134], '5': [91], '6': [10], '7': [102], '8': [130], '9': [54], '10': [135], '11': [27]}"
average,manhattan,13,"{'0': [9, 26, 29, 31, 38, 47, 51, 59, 61, 64, 94, 118, 120, 126, 129, 132, 139], '1': [1, 7, 8, 13, 14, 17, 18, 19, 22, 23, 28, 32, 39, 40, 45, 46, 49, 67, 69, 78, 80, 88, 90, 92, 95, 109, 111, 115, 127, 133], '2': [4, 5, 12, 24, 37, 44, 50, 52, 55, 57, 65, 66, 74, 75, 79, 82, 100, 105, 106, 113, 119, 122, 128, 137, 138], '3': [2, 3, 6, 11, 15, 16, 20, 21, 25, 30, 33, 34, 41, 42, 43, 48, 56, 58, 60, 62, 63, 68, 70, 72, 73, 76, 77, 81, 83, 84, 85, 86, 87, 89, 93, 96, 97, 98, 99, 101, 103, 104, 107, 108, 110, 112, 114, 116, 117, 121, 123, 124, 125, 131, 136], '4': [35, 36, 71, 134], '5': [91], '6': [10], '7': [102], '8': [130], '9': [54], '10': [135], '11': [27], '12': [53]}"
average,manhattan,14,"{'0': [4, 5, 12, 24, 37, 44, 50, 52, 55, 57, 65, 66, 74, 75, 79, 82, 100, 105, 106, 113, 119, 122, 128, 137, 138], '1': [1, 7, 8, 13, 14, 17, 18, 19, 22, 23, 28, 32, 39, 40, 45, 46, 49, 67, 69, 78, 80, 88, 90, 92, 95, 109, 111, 115, 127, 133], '2': [9, 26, 29, 31, 38, 47, 51, 59, 61, 64, 94, 120, 126, 129, 132, 139], '3': [2, 3, 6, 11, 15, 16, 20, 21, 25, 30, 33, 34, 41, 42, 43, 48, 56, 58, 60, 62, 63, 68, 70, 72, 73, 76, 77, 81, 83, 84, 85, 86, 87, 89, 93, 96, 97, 98, 99, 101, 103, 104, 107, 108, 110, 112, 114, 116, 117, 121, 123, 124, 125, 131, 136], '4': [35, 36, 71, 134], '5': [91], '6': [118], '7': [102], '8': [130], '9': [54], '10': [135], '11': [27], '12': [53], '13': [10]}"
average,manhattan,15,"{'0': [1, 7, 8, 13, 14, 17, 18, 19, 22, 23, 28, 32, 39, 40, 45, 46, 49, 67, 69, 78, 80, 88, 90, 92, 95, 109, 111, 115, 127, 133], '1': [2, 3, 6, 11, 15, 16, 20, 21, 25, 30, 33, 34, 41, 42, 43, 48, 56, 58, 60, 62, 63, 68, 70, 72, 73, 76, 77, 81, 83, 84, 85, 86, 87, 89, 93, 96, 97, 98, 99, 101, 103, 104, 107, 108, 110, 112, 114, 116, 117, 121, 123, 124, 125, 131, 136], '2': [9, 26, 29, 31, 38, 47, 51, 59, 61, 64, 94, 120, 126, 129, 132, 139], '3': [4, 5, 12, 37, 44, 50, 52, 55, 57, 66, 79, 82, 105, 106, 119, 122, 128, 138], '4': [35, 36, 71, 134], '5': [91], '6': [24, 65, 74, 75, 100, 113, 137], '7': [102], '8': [130], '9': [54], '10': [135], '11': [27], '12': [53], '13': [10], '14': [118]}"
average,manhattan,16,"{'0': [2, 3, 6, 11, 15, 16, 20, 21, 25, 30, 33, 34, 41, 42, 43, 48, 56, 58, 60, 62, 63, 68, 70, 72, 73, 76, 77, 81, 83, 84, 85, 86, 87, 89, 93, 96, 97, 98, 99, 101, 103, 104, 107, 108, 110, 112, 114, 116, 117, 121, 123, 124, 125, 131, 136], '1': [1, 7, 8, 13, 17, 18, 19, 22, 23, 28, 32, 39, 40, 45, 46, 49, 67, 69, 78, 80, 88, 90, 92, 95, 109, 111, 115, 127, 133], '2': [9, 26, 29, 31, 38, 47, 51, 59, 61, 64, 94, 120, 126, 129, 132, 139], '3': [4, 5, 12, 37, 44, 50, 52, 55, 57, 66, 79, 82, 105, 106, 119, 122, 128, 138], '4': [35, 36, 71, 134], '5': [91], '6': [24, 65, 74, 75, 100, 113, 137], '7': [102], '8': [130], '9': [54], '10': [135], '11': [27], '12': [53], '13': [10], '14': [118], '15': [14]}"
average,manhattan,17,"{'0': [1, 7, 8, 13, 17, 18, 19, 22, 23, 28, 32, 39, 40, 45, 46, 49, 67, 69, 78, 80, 88, 90, 92, 95, 109, 111, 115, 127, 133], '1': [3, 11, 16, 21, 33, 34, 41, 42, 43, 56, 58, 60, 62, 63, 70, 72, 83, 84, 93, 96, 98, 101, 103, 104, 110, 114, 117, 125], '2': [9, 26, 29, 31, 38, 47, 51, 59, 61, 64, 94, 120, 126, 129, 132, 139], '3': [2, 6, 15, 20, 25, 30, 48, 68, 73, 76, 77, 81, 85, 86, 87, 89, 97, 99, 107, 108, 112, 116, 121, 123, 124, 131, 136], '4': [35, 36, 71, 134], '5': [91], '6': [24, 65, 74, 75, 100, 113, 137], '7': [4, 5, 12, 37, 44, 50, 52, 55, 57, 66, 79, 82, 105, 106, 119, 122, 128, 138], '8': [130], '9': [54], '10': [135], '11': [27], '12': [53], '13': [10], '14': [118], '15': [14], '16': [102]}"
average,manhattan,18,"{'0': [1, 7, 8, 13, 17, 18, 19, 22, 23, 28, 32, 39, 45, 46, 49, 67, 69, 78, 80, 88, 90, 92, 95, 109, 111, 115, 127, 133], '1': [3, 11, 16, 21, 33, 34, 41, 42, 43, 56, 58, 60, 62, 63, 70, 72, 83, 84, 93, 96, 98, 101, 103, 104, 110, 114, 117, 125], '2': [9, 26, 29, 31, 38, 47, 51, 59, 61, 64, 94, 120, 126, 129, 132, 139], '3': [2, 6, 15, 20, 25, 30, 48, 68, 73, 76, 77, 81, 85, 86, 87, 89, 97, 99, 107, 108, 112, 116, 121, 123, 124, 131, 136], '4': [35, 36, 71, 134], '5': [91], '6': [24, 65, 74, 75, 100, 113, 137], '7': [4, 5, 12, 37, 44, 50, 52, 55, 57, 66, 79, 82, 105, 106, 119, 122, 128, 138], '8': [130], '9': [54], '10': [135], '11': [27], '12': [53], '13': [10], '14': [118], '15': [14], '16': [102], '17': [40]}"
average,manhattan,19,"{'0': [9, 26, 29, 31, 38, 47, 51, 59, 61, 64, 94, 120, 126, 129, 132, 139], '1': [3, 11, 16, 21, 33, 34, 41, 42, 43, 56, 58, 60, 62, 63, 70, 72, 83, 84, 93, 96, 98, 101, 103, 104, 110, 114, 117, 125], '2': [7, 8, 13, 17, 18, 19, 22, 23, 28, 32, 39, 45, 46, 49, 67, 69, 78, 80, 88, 90, 92, 95, 109, 111, 115, 127, 133], '3': [2, 6, 15, 20, 25, 30, 48, 68, 73, 76, 77, 81, 85, 86, 87, 89, 97, 99, 107, 108, 112, 116, 121, 123, 124, 131, 136], '4': [35, 36, 71, 134], '5': [91], '6': [24, 65, 74, 75, 100, 113, 137], '7': [4, 5, 12, 37, 44, 50, 52, 55, 57, 66, 79, 82, 105, 106, 119, 122, 128, 138], '8': [130], '9': [54], '10': [135], '11': [27], '12': [53], '13': [10], '14': [118], '15': [14], '16': [102], '17': [40], '18': [1]}"
average,manhattan,20,"{'0': [7, 8, 13, 17, 18, 19, 22, 23, 28, 32, 39, 45, 46, 49, 67, 69, 78, 80, 88, 90, 92, 95, 109, 111, 115, 127, 133], '1': [3, 11, 16, 21, 33, 34, 41, 42, 43, 56, 58, 60, 62, 63, 70, 72, 83, 84, 93, 96, 98, 101, 103, 104, 110, 114, 117, 125], '2': [9, 26, 29, 31, 38, 51, 59, 61, 64, 94, 120, 126, 129, 132, 139], '3': [2, 6, 15, 20, 25, 30, 48, 68, 73, 76, 77, 81, 85, 86, 87, 89, 97, 99, 107, 108, 112, 116, 121, 123, 124, 131, 136], '4': [35, 36, 71, 134], '5': [91], '6': [24, 65, 74, 75, 100, 113, 137], '7': [4, 5, 12, 37, 44, 50, 52, 55, 57, 66, 79, 82, 105, 106, 119, 122, 128, 138], '8': [130], '9': [54], '10': [135], '11': [27], '12': [53], '13': [10], '14': [118], '15': [14], '16': [102], '17': [40], '18': [1], '19': [47]}"
average,cosine,4,"{'0': [1, 2, 3, 4, 5, 6, 7, 8, 9, 11, 12, 13, 14, 15, 16, 17, 18, 19, 20, 21, 22, 23, 24, 25, 26, 28, 29, 30, 31, 32, 33, 34, 35, 36, 37, 38, 39, 40, 41, 42, 43, 44, 45, 46, 47, 48, 49, 50, 51, 52, 53, 54, 55, 56, 57, 58, 59, 60, 61, 62, 63, 64, 65, 66, 67, 68, 69, 70, 71, 72, 73, 74, 75, 76, 77, 78, 79, 80, 81, 82, 83, 84, 85, 86, 87, 88, 89, 90, 91, 92, 93, 94, 95, 96, 97, 98, 99, 100, 101, 102, 103, 104, 105, 106, 107, 108, 109, 110, 111, 112, 113, 114, 115, 116, 117, 118, 119, 120, 121, 122, 123, 124, 125, 126, 127, 128, 129, 131, 132, 133, 134, 135, 136, 137, 138, 139], '1': [130], '2': [27], '3': [10]}"
average,cosine,5,"{'0': [1, 2, 3, 4, 5, 6, 7, 8, 9, 11, 12, 13, 14, 15, 16, 17, 18, 19, 20, 21, 22, 23, 24, 25, 26, 28, 29, 30, 31, 32, 33, 34, 35, 36, 37, 38, 39, 40, 41, 42, 43, 44, 45, 46, 47, 48, 49, 50, 51, 52, 53, 55, 56, 57, 58, 59, 60, 61, 62, 63, 64, 65, 66, 67, 68, 69, 70, 71, 72, 73, 74, 75, 76, 77, 78, 79, 80, 81, 82, 83, 84, 85, 86, 87, 88, 89, 90, 91, 92, 93, 94, 95, 96, 97, 98, 99, 100, 101, 102, 103, 104, 105, 106, 107, 108, 109, 110, 111, 112, 113, 114, 115, 116, 117, 118, 119, 120, 121, 122, 123, 124, 125, 126, 127, 128, 129, 131, 132, 133, 134, 135, 136, 137, 138, 139], '1': [130], '2': [27], '3': [10], '4': [54]}"
average,cosine,6,"{'0': [1, 2, 3, 4, 5, 6, 7, 8, 9, 11, 12, 13, 14, 15, 16, 17, 18, 19, 20, 21, 22, 23, 24, 25, 26, 28, 29, 30, 31, 32, 33, 34, 35, 36, 37, 38, 39, 40, 41, 42, 43, 44, 45, 46, 47, 48, 49, 50, 51, 52, 53, 55, 56, 57, 58, 59, 60, 61, 62, 63, 64, 65, 66, 67, 68, 69, 70, 71, 72, 73, 74, 75, 76, 77, 78, 79, 80, 81, 82, 83, 84, 85, 86, 87, 88, 89, 90, 91, 92, 93, 94, 95, 96, 97, 98, 99, 100, 101, 102, 103, 104, 105, 106, 107, 108, 109, 110, 111, 112, 113, 114, 115, 116, 117, 118, 119, 120, 121, 122, 123, 124, 125, 126, 127, 128, 129, 131, 132, 133, 134, 136, 137, 138, 139], '1': [130], '2': [135], '3': [10], '4': [54], '5': [27]}"
average,cosine,7,"{'0': [1, 2, 3, 4, 5, 6, 7, 8, 9, 11, 12, 13, 14, 15, 16, 17, 18, 19, 20, 21, 22, 23, 24, 25, 26, 28, 29, 30, 31, 32, 33, 34, 35, 36, 37, 38, 39, 40, 41, 42, 43, 44, 45, 46, 47, 48, 49, 50, 51, 52, 53, 55, 56, 57, 58, 59, 60, 61, 62, 63, 64, 65, 66, 67, 68, 69, 70, 71, 72, 73, 74, 75, 76, 77, 78, 79, 80, 81, 82, 83, 84, 85, 86, 87, 88, 89, 90, 91, 92, 93, 94, 95, 96, 97, 98, 99, 100, 101, 102, 103, 104, 105, 106, 107, 108, 109, 110, 111, 112, 113, 114, 115, 116, 117, 119, 120, 121, 122, 123, 124, 125, 126, 127, 128, 129, 131, 132, 133, 134, 136, 137, 138, 139], '1': [130], '2': [135], '3': [10], '4': [54], '5': [27], '6': [118]}"
average,cosine,8,"{'0': [1, 2, 3, 4, 5, 6, 7, 8, 9, 11, 12, 13, 14, 15, 16, 17, 18, 19, 20, 21, 22, 23, 24, 25, 26, 28, 29, 30, 31, 32, 33, 34, 35, 36, 37, 38, 39, 40, 41, 42, 43, 44, 45, 46, 47, 48, 49, 50, 51, 52, 53, 55, 56, 57, 58, 59, 60, 61, 62, 63, 64, 65, 66, 67, 68, 69, 70, 72, 73, 74, 75, 76, 77, 78, 79, 80, 81, 82, 83, 84, 85, 86, 87, 88, 89, 90, 91, 92, 93, 94, 95, 96, 97, 98, 99, 100, 101, 102, 103, 104, 105, 106, 107, 108, 109, 110, 111, 112, 113, 114, 115, 116, 117, 119, 120, 121, 122, 123, 124, 125, 126, 127, 128, 129, 131, 132, 133, 134, 136, 137, 138, 139], '1': [130], '2': [135], '3': [71], '4': [54], '5': [27], '6': [118], '7': [10]}"
average,cosine,9,"{'0': [1, 2, 3, 4, 5, 6, 7, 8, 9, 11, 12, 13, 14, 15, 16, 17, 18, 19, 20, 21, 22, 23, 24, 25, 26, 28, 29, 30, 31, 32, 33, 34, 35, 36, 37, 38, 39, 40, 41, 42, 43, 44, 45, 46, 47, 48, 49, 50, 51, 52, 53, 55, 56, 57, 58, 59, 60, 61, 62, 63, 64, 65, 66, 67, 68, 69, 70, 72, 73, 74, 75, 76, 77, 78, 79, 80, 81, 82, 83, 84, 85, 86, 87, 88, 89, 90, 92, 93, 94, 95, 96, 97, 98, 99, 100, 101, 102, 103, 104, 105, 106, 107, 108, 109, 110, 111, 112, 113, 114, 115, 116, 117, 119, 120, 121, 122, 123, 124, 125, 126, 127, 128, 129, 131, 132, 133, 134, 136, 137, 138, 139], '1': [130], '2': [135], '3': [91], '4': [54], '5': [27], '6': [118], '7': [10], '8': [71]}"
average,cosine,10,"{'0': [1, 2, 3, 4, 5, 6, 7, 8, 9, 11, 12, 13, 14, 15, 16, 17, 18, 19, 20, 21, 22, 23, 24, 25, 26, 28, 29, 30, 31, 32, 33, 34, 35, 36, 37, 38, 39, 41, 42, 43, 44, 45, 46, 47, 48, 49, 50, 51, 52, 53, 55, 56, 57, 58, 59, 60, 61, 62, 63, 64, 65, 66, 67, 68, 69, 70, 72, 73, 74, 75, 76, 77, 78, 79, 80, 81, 82, 83, 84, 85, 86, 87, 88, 89, 90, 92, 93, 94, 95, 96, 97, 98, 99, 100, 101, 102, 103, 104, 105, 106, 107, 108, 109, 110, 111, 112, 113, 114, 115, 116, 117, 119, 120, 121, 122, 123, 124, 125, 126, 127, 128, 129, 131, 132, 133, 134, 136, 137, 138, 139], '1': [130], '2': [135], '3': [91], '4': [54], '5': [27], '6': [118], '7': [10], '8': [71], '9': [40]}"
average,cosine,11,"{'0': [1, 2, 3, 4, 5, 6, 7, 8, 9, 11, 12, 13, 14, 15, 16, 17, 18, 19, 20, 21, 22, 23, 24, 25, 26, 28, 29, 30, 31, 32, 33, 34, 35, 36, 37, 38, 39, 41, 42, 43, 44, 45, 46, 48, 49, 50, 51, 52, 53, 55, 56, 57, 58, 59, 60, 61, 62, 63, 64, 65, 66, 67, 68, 69, 70, 72, 73, 74, 75, 76, 77, 78, 79, 80, 81, 82, 83, 84, 85, 86, 87, 88, 89, 90, 92, 93, 94, 95, 96, 97, 98, 99, 100, 101, 102, 103, 104, 105, 106, 107, 108, 109, 110, 111, 112, 113, 114, 115, 116, 117, 119, 121, 122, 123, 124, 125, 126, 127, 128, 129, 131, 132, 133, 134, 136, 137, 138, 139], '1': [47, 120], '2': [135], '3': [91], '4': [130], '5': [27], '6': [118], '7': [10], '8': [71], '9': [40], '10': [54]}"
average,cosine,12,"{'0': [29, 35, 51, 134], '1': [47, 120], '2': [1, 2, 3, 4, 5, 6, 7, 8, 9, 11, 12, 13, 14, 15, 16, 17, 18, 19, 20, 21, 22, 23, 24, 25, 26, 28, 30, 31, 32, 33, 34, 36, 37, 38, 39, 41, 42, 43, 44, 45, 46, 48, 49, 50, 52, 53, 55, 56, 57, 58, 59, 60, 61, 62, 63, 64, 65, 66, 67, 68, 69, 70, 72, 73, 74, 75, 76, 77, 78, 79, 80, 81, 82, 83, 84, 85, 86, 87, 88, 89, 90, 92, 93, 94, 95, 96, 97, 98, 99, 100, 101, 102, 103, 104, 105, 106, 107, 108, 109, 110, 111, 112, 113, 114, 115, 116, 117, 119, 121, 122, 123, 124, 125, 126, 127, 128, 129, 131, 132, 133, 136, 137, 138, 139], '3': [91], '4': [130], '5': [135], '6': [118], '7': [10], '8': [71], '9': [40], '10': [54], '11': [27]}"
average,cosine,13,"{'0': [1, 2, 3, 4, 5, 6, 7, 8, 9, 11, 12, 13, 14, 15, 16, 17, 18, 19, 20, 21, 22, 23, 24, 25, 26, 28, 30, 31, 32, 33, 34, 36, 37, 38, 39, 41, 42, 43, 44, 45, 46, 48, 49, 50, 52, 53, 55, 56, 57, 58, 59, 60, 61, 62, 63, 64, 65, 66, 67, 68, 69, 70, 72, 73, 74, 75, 76, 77, 78, 79, 80, 81, 82, 83, 84, 85, 86, 87, 88, 89, 90, 92, 93, 94, 95, 96, 97, 98, 99, 100, 101, 102, 103, 104, 105, 106, 107, 108, 109, 110, 111, 112, 113, 114, 115, 116, 117, 119, 121, 122, 123, 124, 125, 126, 127, 128, 129, 131, 132, 133, 136, 137, 138, 139], '1': [47, 120], '2': [35, 51, 134], '3': [91], '4': [130], '5': [135], '6': [118], '7': [10], '8': [71], '9': [40], '10': [54], '11': [27], '12': [29]}"
average,cosine,14,"{'0': [1, 2, 3, 4, 5, 6, 7, 8, 9, 11, 12, 13, 14, 15, 16, 17, 18, 19, 20, 21, 22, 23, 24, 25, 26, 28, 30, 31, 32, 33, 34, 36, 37, 38, 39, 41, 42, 43, 44, 45, 46, 48, 49, 50, 52, 53, 55, 56, 57, 58, 59, 60, 61, 62, 63, 64, 65, 66, 67, 68, 69, 70, 72, 73, 74, 75, 76, 77, 78, 79, 80, 81, 82, 83, 84, 85, 86, 87, 88, 89, 90, 92, 93, 94, 96, 97, 98, 99, 100, 101, 102, 103, 104, 105, 106, 107, 108, 109, 110, 111, 112, 113, 114, 115, 116, 117, 119, 121, 122, 123, 124, 125, 126, 127, 128, 129, 131, 132, 133, 136, 137, 138, 139], '1': [47, 120], '2': [35, 51, 134], '3': [91], '4': [130], '5': [135], '6': [118], '7': [10], '8': [71], '9': [40], '10': [54], '11': [27], '12': [29], '13': [95]}"
average,cosine,15,"{'0': [1, 2, 3, 4, 5, 6, 7, 8, 9, 11, 12, 13, 14, 15, 16, 17, 18, 19, 20, 21, 22, 23, 24, 25, 26, 28, 30, 31, 32, 33, 34, 36, 37, 39, 41, 42, 43, 44, 45, 46, 48, 49, 50, 52, 53, 55, 56, 57, 58, 59, 60, 62, 63, 65, 66, 67, 68, 69, 70, 72, 73, 74, 75, 76, 77, 78, 79, 80, 81, 82, 83, 84, 85, 86, 87, 88, 89, 90, 92, 93, 94, 96, 97, 98, 99, 100, 101, 102, 103, 104, 105, 106, 107, 108, 109, 110, 111, 112, 113, 114, 115, 116, 117, 119, 121, 122, 123, 124, 125, 126, 127, 128, 129, 131, 132, 133, 136, 137, 138, 139], '1': [47, 120], '2': [38, 61, 64], '3': [91], '4': [130], '5': [135], '6': [35, 51, 134], '7': [10], '8': [71], '9': [40], '10': [54], '11': [27], '12': [29], '13': [95], '14': [118]}"
average,cosine,16,"{'0': [1, 2, 3, 4, 5, 6, 7, 8, 9, 11, 12, 14, 15, 16, 17, 18, 19, 20, 21, 23, 24, 25, 26, 28, 30, 31, 32, 33, 34, 36, 37, 39, 41, 42, 43, 44, 45, 46, 48, 49, 50, 52, 55, 56, 57, 58, 59, 60, 62, 63, 65, 66, 67, 68, 69, 70, 72, 73, 74, 75, 76, 77, 78, 79, 80, 81, 82, 83, 84, 85, 86, 87, 88, 89, 90, 92, 93, 94, 96, 97, 98, 99, 100, 101, 102, 103, 104, 105, 106, 107, 108, 109, 110, 111, 112, 113, 114, 115, 116, 117, 119, 121, 122, 123, 124, 125, 126, 128, 129, 131, 132, 133, 136, 137, 138, 139], '1': [47, 120], '2': [38, 61, 64], '3': [13, 22, 53, 127], '4': [130], '5': [135], '6': [35, 51, 134], '7': [91], '8': [71], '9': [40], '10': [54], '11': [27], '12': [29], '13': [95], '14': [118], '15': [10]}"
average,cosine,17,"{'0': [1, 2, 3, 4, 5, 6, 7, 8, 11, 12, 14, 15, 16, 17, 18, 19, 20, 21, 23, 24, 25, 26, 28, 30, 31, 32, 33, 34, 36, 37, 39, 41, 42, 43, 44, 45, 46, 48, 49, 50, 52, 55, 56, 57, 58, 59, 60, 62, 63, 65, 66, 67, 68, 69, 70, 72, 73, 74, 75, 76, 77, 78, 79, 80, 81, 82, 83, 84, 85, 86, 87, 88, 89, 90, 92, 93, 96, 97, 98, 99, 100, 101, 102, 103, 104, 105, 106, 107, 108, 109, 110, 111, 112, 113, 114, 115, 116, 117, 119, 121, 122, 123, 124, 125, 126, 128, 129, 131, 132, 133, 136, 137, 138, 139], '1': [47, 120], '2': [38, 61, 64], '3': [13, 22, 53, 127], '4': [130], '5': [135], '6': [35, 51, 134], '7': [9, 94], '8': [71], '9': [40], '10': [54], '11': [27], '12': [29], '13': [95], '14': [118], '15': [10], '16': [91]}"
average,cosine,18,"{'0': [1, 2, 3, 4, 5, 6, 7, 8, 11, 12, 14, 15, 16, 17, 18, 19, 20, 21, 23, 24, 25, 26, 28, 30, 31, 32, 33, 34, 37, 39, 41, 42, 43, 44, 45, 46, 48, 49, 50, 52, 55, 56, 57, 58, 60, 62, 63, 65, 66, 67, 68, 69, 70, 72, 73, 74, 75, 76, 77, 78, 79, 80, 81, 82, 83, 84, 85, 86, 87, 88, 89, 90, 92, 93, 96, 97, 98, 99, 100, 101, 102, 103, 104, 105, 106, 107, 108, 109, 110, 112, 113, 114, 115, 116, 117, 119, 121, 122, 123, 124, 125, 126, 128, 129, 131, 132, 133, 136, 137, 138, 139], '1': [47, 120], '2': [38, 61, 64], '3': [13, 22, 53, 127], '4': [130], '5': [135], '6': [35, 51, 134], '7': [9, 94], '8': [36, 59, 111], '9': [40], '10': [54], '11': [27], '12': [29], '13': [95], '14': [118], '15': [10], '16': [91], '17': [71]}"
average,cosine,19,"{'0': [38, 61, 64], '1': [47, 120], '2': [1, 2, 3, 4, 5, 6, 7, 11, 12, 14, 15, 16, 17, 18, 19, 20, 21, 23, 24, 25, 26, 28, 30, 31, 32, 33, 34, 37, 39, 41, 43, 44, 45, 46, 48, 49, 50, 52, 55, 56, 57, 58, 60, 62, 63, 65, 66, 67, 68, 69, 70, 72, 73, 74, 75, 76, 77, 78, 79, 80, 81, 82, 83, 84, 85, 86, 87, 88, 89, 90, 92, 93, 96, 97, 98, 99, 100, 101, 102, 103, 104, 105, 106, 107, 108, 109, 110, 112, 113, 114, 115, 116, 117, 119, 121, 122, 123, 124, 125, 126, 128, 129, 131, 132, 133, 136, 137, 138, 139], '3': [13, 22, 53, 127], '4': [130], '5': [135], '6': [35, 51, 134], '7': [9, 94], '8': [8, 42], '9': [40], '10': [54], '11': [27], '12': [29], '13': [95], '14': [118], '15': [10], '16': [91], '17': [71], '18': [36, 59, 111]}"
average,cosine,20,"{'0': [1, 2, 3, 4, 5, 6, 7, 11, 12, 14, 15, 16, 17, 18, 19, 20, 21, 23, 24, 25, 26, 28, 30, 31, 32, 33, 34, 37, 39, 41, 43, 44, 45, 46, 48, 49, 50, 52, 55, 56, 57, 58, 60, 62, 63, 65, 66, 67, 68, 69, 70, 72, 73, 74, 75, 76, 77, 78, 79, 80, 81, 82, 83, 84, 85, 86, 87, 88, 89, 90, 92, 93, 96, 97, 98, 99, 100, 101, 102, 103, 104, 105, 106, 107, 108, 109, 110, 112, 113, 114, 115, 116, 117, 119, 121, 122, 123, 124, 125, 126, 128, 129, 131, 132, 133, 136, 137, 138, 139], '1': [47, 120], '2': [35, 51, 134], '3': [13, 22, 53, 127], '4': [130], '5': [135], '6': [38, 64], '7': [9, 94], '8': [8, 42], '9': [61], '10': [54], '11': [27], '12': [29], '13': [95], '14': [118], '15': [10], '16': [91], '17': [71], '18': [36, 59, 111], '19': [40]}"
average,precomputed,4,"{'0': [1, 2, 3, 4, 5, 6, 7, 8, 9, 11, 12, 13, 14, 15, 16, 17, 18, 19, 20, 21, 22, 23, 24, 25, 26, 27, 28, 29, 30, 31, 32, 33, 34, 35, 36, 37, 38, 39, 40, 41, 42, 43, 44, 45, 46, 47, 48, 49, 50, 51, 52, 53, 55, 56, 57, 58, 59, 60, 61, 62, 63, 64, 65, 66, 67, 68, 69, 70, 71, 72, 73, 74, 75, 76, 77, 78, 79, 80, 81, 82, 83, 84, 85, 86, 87, 88, 89, 90, 91, 92, 93, 94, 95, 96, 97, 98, 99, 100, 101, 102, 103, 104, 105, 106, 107, 108, 109, 110, 111, 112, 113, 114, 115, 116, 117, 118, 119, 120, 121, 122, 123, 124, 125, 126, 127, 128, 129, 131, 132, 133, 134, 135, 136, 137, 138, 139], '1': [54], '2': [130], '3': [10]}"
average,precomputed,5,"{'0': [1, 2, 3, 4, 5, 6, 7, 8, 9, 11, 12, 13, 14, 15, 16, 17, 18, 19, 20, 21, 22, 23, 24, 25, 26, 27, 28, 29, 30, 31, 32, 33, 34, 35, 36, 37, 38, 39, 40, 41, 42, 43, 44, 45, 46, 47, 48, 49, 50, 51, 52, 53, 55, 56, 57, 58, 59, 60, 61, 62, 63, 64, 65, 66, 67, 68, 69, 70, 72, 73, 74, 75, 76, 77, 78, 79, 80, 81, 82, 83, 84, 85, 86, 87, 88, 89, 90, 91, 92, 93, 94, 95, 96, 97, 98, 99, 100, 101, 102, 103, 104, 105, 106, 107, 108, 109, 110, 111, 112, 113, 114, 115, 116, 117, 118, 119, 120, 121, 122, 123, 124, 125, 126, 127, 128, 129, 131, 132, 133, 134, 135, 136, 137, 138, 139], '1': [71], '2': [130], '3': [10], '4': [54]}"
average,precomputed,6,"{'0': [1, 2, 3, 4, 5, 6, 7, 8, 9, 11, 12, 13, 14, 15, 16, 17, 18, 19, 20, 21, 22, 23, 24, 25, 26, 27, 28, 29, 30, 31, 32, 33, 34, 36, 37, 38, 39, 40, 41, 42, 43, 44, 45, 46, 47, 48, 49, 50, 51, 52, 53, 55, 56, 57, 58, 59, 60, 61, 62, 63, 64, 65, 66, 67, 68, 69, 70, 72, 73, 74, 75, 76, 77, 78, 79, 80, 81, 82, 83, 84, 85, 86, 87, 88, 89, 90, 91, 92, 93, 94, 95, 96, 97, 98, 99, 100, 101, 102, 103, 104, 105, 106, 107, 108, 109, 110, 111, 112, 113, 114, 115, 116, 117, 118, 119, 120, 121, 122, 123, 124, 125, 126, 127, 128, 129, 131, 132, 133, 134, 135, 136, 137, 138, 139], '1': [71], '2': [130], '3': [10], '4': [54], '5': [35]}"
average,precomputed,7,"{'0': [1, 2, 3, 4, 5, 6, 7, 8, 9, 11, 12, 13, 14, 15, 16, 17, 18, 19, 20, 21, 22, 23, 24, 25, 26, 27, 28, 29, 30, 31, 32, 33, 34, 36, 37, 38, 39, 40, 41, 42, 43, 44, 45, 46, 47, 48, 49, 50, 51, 52, 53, 55, 56, 57, 58, 59, 60, 61, 62, 63, 64, 65, 66, 67, 68, 69, 70, 72, 73, 74, 75, 76, 77, 78, 79, 80, 81, 82, 83, 84, 85, 86, 87, 88, 89, 90, 91, 92, 93, 94, 95, 96, 97, 98, 99, 100, 101, 102, 103, 104, 105, 106, 107, 108, 109, 110, 111, 112, 113, 114, 115, 116, 117, 118, 119, 120, 121, 122, 123, 124, 125, 126, 127, 128, 129, 131, 132, 133, 135, 136, 137, 138, 139], '1': [71], '2': [134], '3': [10], '4': [54], '5': [35], '6': [130]}"
average,precomputed,8,"{'0': [1, 2, 3, 4, 5, 6, 7, 8, 9, 11, 12, 13, 14, 15, 16, 17, 18, 19, 20, 21, 22, 23, 24, 25, 26, 27, 28, 29, 30, 31, 32, 33, 34, 36, 37, 38, 39, 40, 41, 42, 43, 44, 45, 46, 47, 48, 49, 50, 51, 52, 53, 55, 56, 57, 58, 59, 60, 61, 62, 63, 64, 65, 66, 67, 68, 69, 70, 72, 73, 74, 75, 76, 77, 78, 79, 80, 81, 82, 83, 84, 85, 86, 87, 88, 89, 90, 92, 93, 94, 95, 96, 97, 98, 99, 100, 101, 102, 103, 104, 105, 106, 107, 108, 109, 110, 111, 112, 113, 114, 115, 116, 117, 118, 119, 120, 121, 122, 123, 124, 125, 126, 127, 128, 129, 131, 132, 133, 135, 136, 137, 138, 139], '1': [91], '2': [134], '3': [71], '4': [54], '5': [35], '6': [130], '7': [10]}"
average,precomputed,9,"{'0': [1, 2, 3, 4, 5, 6, 7, 8, 9, 11, 12, 13, 14, 15, 16, 17, 18, 19, 20, 21, 22, 23, 24, 25, 26, 27, 28, 29, 30, 31, 32, 33, 34, 37, 38, 39, 40, 41, 42, 43, 44, 45, 46, 47, 48, 49, 50, 51, 52, 53, 55, 56, 57, 58, 59, 60, 61, 62, 63, 64, 65, 66, 67, 68, 69, 70, 72, 73, 74, 75, 76, 77, 78, 79, 80, 81, 82, 83, 84, 85, 86, 87, 88, 89, 90, 92, 93, 94, 95, 96, 97, 98, 99, 100, 101, 102, 103, 104, 105, 106, 107, 108, 109, 110, 111, 112, 113, 114, 115, 116, 117, 118, 119, 120, 121, 122, 123, 124, 125, 126, 127, 128, 129, 131, 132, 133, 135, 136, 137, 138, 139], '1': [91], '2': [134], '3': [71], '4': [54], '5': [35], '6': [130], '7': [10], '8': [36]}"
average,precomputed,10,"{'0': [1, 2, 3, 4, 5, 6, 7, 8, 9, 11, 12, 13, 14, 15, 16, 17, 18, 19, 20, 21, 22, 23, 24, 25, 26, 27, 28, 29, 30, 31, 32, 33, 34, 37, 38, 39, 40, 41, 42, 43, 44, 45, 46, 47, 48, 49, 50, 51, 52, 53, 55, 56, 57, 58, 59, 60, 61, 62, 63, 64, 65, 66, 67, 68, 69, 70, 72, 73, 74, 75, 76, 77, 78, 79, 80, 81, 82, 83, 84, 85, 86, 87, 88, 89, 90, 92, 93, 94, 95, 96, 97, 98, 99, 100, 101, 102, 103, 104, 105, 106, 107, 108, 109, 110, 111, 112, 113, 114, 115, 116, 117, 118, 119, 121, 122, 123, 124, 125, 126, 127, 128, 129, 131, 132, 133, 135, 136, 137, 138, 139], '1': [120], '2': [134], '3': [71], '4': [91], '5': [35], '6': [130], '7': [10], '8': [36], '9': [54]}"
average,precomputed,11,"{'0': [1, 2, 3, 4, 5, 6, 7, 8, 9, 11, 12, 13, 14, 15, 16, 17, 18, 19, 20, 21, 22, 23, 24, 25, 26, 27, 28, 29, 30, 31, 32, 33, 34, 37, 38, 39, 40, 41, 42, 43, 44, 45, 46, 47, 48, 49, 50, 51, 52, 53, 55, 56, 57, 58, 59, 60, 61, 62, 63, 64, 65, 66, 67, 68, 69, 70, 72, 73, 74, 75, 76, 77, 78, 79, 80, 81, 82, 83, 84, 85, 86, 87, 88, 89, 90, 92, 93, 94, 95, 96, 97, 98, 99, 100, 101, 102, 103, 104, 105, 106, 107, 108, 109, 110, 111, 112, 113, 114, 115, 116, 117, 118, 119, 121, 122, 123, 124, 125, 126, 127, 128, 129, 131, 133, 135, 136, 137, 138, 139], '1': [132], '2': [134], '3': [71], '4': [120], '5': [35], '6': [130], '7': [10], '8': [36], '9': [54], '10': [91]}"
average,precomputed,12,"{'0': [1, 2, 3, 4, 5, 6, 7, 8, 11, 12, 13, 14, 15, 16, 17, 18, 19, 20, 21, 22, 23, 24, 25, 26, 27, 28, 29, 30, 31, 32, 33, 34, 37, 38, 39, 40, 41, 42, 43, 44, 45, 46, 47, 48, 49, 50, 51, 52, 53, 55, 56, 57, 58, 59, 60, 61, 62, 63, 64, 65, 66, 67, 68, 69, 70, 72, 73, 74, 75, 76, 77, 78, 79, 80, 81, 82, 83, 84, 85, 86, 87, 88, 89, 90, 92, 93, 94, 95, 96, 97, 98, 99, 100, 101, 102, 103, 104, 105, 106, 107, 108, 109, 110, 111, 112, 113, 114, 115, 116, 117, 118, 119, 121, 122, 123, 124, 125, 126, 127, 128, 129, 131, 133, 135, 136, 137, 138, 139], '1': [132], '2': [134], '3': [71], '4': [120], '5': [35], '6': [130], '7': [10], '8': [36], '9': [54], '10': [91], '11': [9]}"
average,precomputed,13,"{'0': [1, 2, 3, 4, 5, 6, 7, 8, 11, 12, 13, 14, 15, 16, 17, 18, 19, 20, 21, 22, 23, 24, 25, 26, 27, 28, 29, 30, 31, 32, 33, 34, 37, 38, 39, 40, 41, 42, 43, 44, 45, 46, 47, 48, 49, 50, 51, 52, 53, 55, 56, 57, 58, 60, 61, 62, 63, 64, 65, 66, 67, 68, 69, 70, 72, 73, 74, 75, 76, 77, 78, 79, 80, 81, 82, 83, 84, 85, 86, 87, 88, 89, 90, 92, 93, 94, 95, 96, 97, 98, 99, 100, 101, 102, 103, 104, 105, 106, 107, 108, 109, 110, 111, 112, 113, 114, 115, 116, 117, 118, 119, 121, 122, 123, 124, 125, 126, 127, 128, 129, 131, 133, 135, 136, 137, 138, 139], '1': [132], '2': [134], '3': [71], '4': [120], '5': [59], '6': [130], '7': [10], '8': [36], '9': [54], '10': [91], '11': [9], '12': [35]}"
average,precomputed,14,"{'0': [1, 2, 3, 4, 5, 6, 7, 8, 11, 12, 13, 14, 15, 16, 17, 18, 19, 20, 21, 22, 23, 24, 25, 26, 27, 28, 29, 30, 31, 32, 33, 34, 37, 38, 39, 40, 41, 42, 43, 44, 45, 46, 47, 48, 49, 50, 51, 52, 53, 55, 56, 57, 58, 60, 61, 62, 63, 64, 65, 66, 67, 68, 69, 70, 72, 73, 74, 75, 76, 77, 78, 79, 80, 81, 82, 83, 84, 85, 86, 87, 88, 89, 90, 92, 93, 95, 96, 97, 98, 99, 100, 101, 102, 103, 104, 105, 106, 107, 108, 109, 110, 111, 112, 113, 114, 115, 116, 117, 118, 119, 121, 122, 123, 124, 125, 126, 127, 128, 129, 131, 133, 135, 136, 137, 138, 139], '1': [132], '2': [134], '3': [71], '4': [120], '5': [59], '6': [130], '7': [10], '8': [36], '9': [54], '10': [91], '11': [9], '12': [35], '13': [94]}"
average,precomputed,15,"{'0': [1, 2, 3, 4, 5, 6, 7, 8, 11, 12, 13, 14, 15, 16, 17, 18, 19, 20, 21, 22, 23, 24, 25, 26, 27, 28, 29, 30, 31, 32, 33, 34, 37, 38, 39, 40, 41, 42, 43, 44, 45, 46, 47, 48, 49, 50, 51, 52, 53, 55, 56, 57, 58, 60, 61, 62, 63, 64, 65, 66, 67, 68, 69, 70, 72, 73, 74, 75, 76, 77, 78, 79, 80, 81, 82, 83, 84, 85, 86, 87, 88, 89, 90, 92, 93, 95, 96, 97, 98, 99, 100, 101, 102, 103, 104, 105, 106, 107, 108, 109, 110, 111, 112, 113, 114, 115, 116, 117, 118, 119, 121, 122, 123, 124, 125, 126, 127, 128, 129, 131, 133, 136, 137, 138, 139], '1': [132], '2': [135], '3': [71], '4': [120], '5': [59], '6': [134], '7': [10], '8': [36], '9': [54], '10': [91], '11': [9], '12': [35], '13': [94], '14': [130]}"
average,precomputed,16,"{'0': [1, 2, 3, 4, 5, 6, 7, 8, 11, 12, 13, 14, 15, 16, 17, 18, 19, 20, 21, 22, 23, 24, 25, 26, 27, 28, 29, 30, 31, 32, 33, 34, 37, 38, 39, 40, 41, 42, 43, 44, 45, 46, 48, 49, 50, 51, 52, 53, 55, 56, 57, 58, 60, 61, 62, 63, 64, 65, 66, 67, 68, 69, 70, 72, 73, 74, 75, 76, 77, 78, 79, 80, 81, 82, 83, 84, 85, 86, 87, 88, 89, 90, 92, 93, 95, 96, 97, 98, 99, 100, 101, 102, 103, 104, 105, 106, 107, 108, 109, 110, 111, 112, 113, 114, 115, 116, 117, 118, 119, 121, 122, 123, 124, 125, 126, 127, 128, 129, 131, 133, 136, 137, 138, 139], '1': [132], '2': [135], '3': [71], '4': [120], '5': [59], '6': [134], '7': [47], '8': [36], '9': [54], '10': [91], '11': [9], '12': [35], '13': [94], '14': [130], '15': [10]}"
average,precomputed,17,"{'0': [1, 2, 3, 4, 5, 6, 7, 8, 11, 12, 13, 14, 15, 16, 17, 18, 19, 20, 21, 22, 23, 24, 25, 26, 27, 28, 30, 31, 32, 33, 34, 37, 38, 39, 40, 41, 42, 43, 44, 45, 46, 48, 49, 50, 51, 52, 53, 55, 56, 57, 58, 60, 61, 62, 63, 64, 65, 66, 67, 68, 69, 70, 72, 73, 74, 75, 76, 77, 78, 79, 80, 81, 82, 83, 84, 85, 86, 87, 88, 89, 90, 92, 93, 95, 96, 97, 98, 99, 100, 101, 102, 103, 104, 105, 106, 107, 108, 109, 110, 111, 112, 113, 114, 115, 116, 117, 118, 119, 121, 122, 123, 124, 125, 126, 127, 128, 129, 131, 133, 136, 137, 138, 139], '1': [132], '2': [135], '3': [71], '4': [120], '5': [59], '6': [134], '7': [47], '8': [36], '9': [54], '10': [91], '11': [9], '12': [35], '13': [94], '14': [130], '15': [10], '16': [29]}"
average,precomputed,18,"{'0': [1, 2, 3, 4, 5, 6, 7, 8, 11, 12, 13, 14, 15, 16, 17, 18, 19, 20, 21, 22, 23, 24, 25, 26, 27, 28, 30, 31, 32, 33, 34, 37, 38, 39, 40, 41, 42, 43, 44, 45, 46, 48, 49, 50, 51, 52, 53, 55, 56, 57, 58, 60, 61, 62, 63, 64, 65, 66, 67, 68, 69, 70, 72, 73, 74, 75, 76, 77, 78, 79, 80, 81, 82, 83, 84, 85, 86, 87, 88, 89, 90, 92, 93, 95, 96, 97, 98, 99, 100, 101, 102, 103, 104, 105, 106, 107, 108, 109, 110, 111, 112, 113, 114, 115, 116, 117, 118, 119, 121, 122, 123, 124, 125, 126, 127, 128, 131, 133, 136, 137, 138, 139], '1': [132], '2': [135], '3': [129], '4': [120], '5': [59], '6': [134], '7': [47], '8': [71], '9': [54], '10': [91], '11': [9], '12': [35], '13': [94], '14': [130], '15': [10], '16': [29], '17': [36]}"
average,precomputed,19,"{'0': [1, 2, 3, 4, 5, 6, 7, 8, 11, 12, 13, 14, 15, 16, 17, 18, 19, 20, 21, 22, 23, 24, 25, 26, 27, 28, 30, 31, 32, 33, 34, 37, 38, 39, 40, 41, 42, 43, 44, 45, 46, 48, 49, 50, 51, 52, 53, 55, 56, 57, 58, 60, 61, 62, 63, 64, 65, 66, 67, 68, 69, 70, 72, 73, 74, 75, 76, 77, 78, 79, 80, 81, 82, 83, 84, 85, 86, 87, 88, 89, 90, 92, 93, 95, 96, 97, 98, 99, 100, 101, 102, 103, 104, 105, 106, 107, 108, 109, 110, 111, 112, 113, 114, 115, 116, 117, 118, 119, 121, 122, 123, 124, 125, 127, 128, 131, 133, 136, 137, 138, 139], '1': [132], '2': [135], '3': [129], '4': [120], '5': [59], '6': [134], '7': [47], '8': [126], '9': [54], '10': [91], '11': [9], '12': [35], '13': [94], '14': [130], '15': [10], '16': [29], '17': [36], '18': [71]}"
average,precomputed,20,"{'0': [1, 2, 3, 4, 5, 6, 7, 8, 11, 12, 13, 14, 15, 16, 17, 18, 19, 20, 21, 22, 23, 24, 25, 26, 27, 28, 30, 31, 32, 33, 34, 37, 39, 40, 41, 42, 43, 44, 45, 46, 48, 49, 50, 51, 52, 53, 55, 56, 57, 58, 60, 61, 62, 63, 64, 65, 66, 67, 68, 69, 70, 72, 73, 74, 75, 76, 77, 78, 79, 80, 81, 82, 83, 84, 85, 86, 87, 88, 89, 90, 92, 93, 95, 96, 97, 98, 99, 100, 101, 102, 103, 104, 105, 106, 107, 108, 109, 110, 111, 112, 113, 114, 115, 116, 117, 118, 119, 121, 122, 123, 124, 125, 127, 128, 131, 133, 136, 137, 138, 139], '1': [132], '2': [135], '3': [129], '4': [120], '5': [59], '6': [134], '7': [47], '8': [126], '9': [54], '10': [91], '11': [9], '12': [35], '13': [94], '14': [130], '15': [10], '16': [29], '17': [36], '18': [71], '19': [38]}"
complete,euclidean,4,"{'0': [10, 27, 54, 130], '1': [1, 2, 3, 4, 5, 6, 11, 12, 15, 16, 20, 21, 25, 28, 30, 32, 33, 34, 37, 39, 41, 42, 43, 44, 45, 48, 50, 52, 55, 56, 57, 58, 60, 62, 63, 66, 68, 70, 72, 73, 76, 77, 78, 79, 80, 81, 82, 83, 84, 85, 86, 87, 88, 89, 93, 96, 97, 98, 99, 101, 103, 104, 105, 106, 107, 108, 110, 112, 114, 115, 116, 117, 119, 121, 122, 123, 124, 125, 128, 131, 136, 138], '2': [24, 65, 74, 75, 100, 102, 113, 137], '3': [7, 8, 9, 13, 14, 17, 18, 19, 22, 23, 26, 29, 31, 35, 36, 38, 40, 46, 47, 49, 51, 53, 59, 61, 64, 67, 69, 71, 90, 91, 92, 94, 95, 109, 111, 118, 120, 126, 127, 129, 132, 133, 134, 135, 139]}"
complete,euclidean,5,"{'0': [54, 130], '1': [1, 2, 3, 4, 5, 6, 11, 12, 15, 16, 20, 21, 25, 28, 30, 32, 33, 34, 37, 39, 41, 42, 43, 44, 45, 48, 50, 52, 55, 56, 57, 58, 60, 62, 63, 66, 68, 70, 72, 73, 76, 77, 78, 79, 80, 81, 82, 83, 84, 85, 86, 87, 88, 89, 93, 96, 97, 98, 99, 101, 103, 104, 105, 106, 107, 108, 110, 112, 114, 115, 116, 117, 119, 121, 122, 123, 124, 125, 128, 131, 136, 138], '2': [24, 65, 74, 75, 100, 102, 113, 137], '3': [7, 8, 9, 13, 14, 17, 18, 19, 22, 23, 26, 29, 31, 35, 36, 38, 40, 46, 47, 49, 51, 53, 59, 61, 64, 67, 69, 71, 90, 91, 92, 94, 95, 109, 111, 118, 120, 126, 127, 129, 132, 133, 134, 135, 139], '4': [10, 27]}"
complete,euclidean,6,"{'0': [1, 2, 3, 4, 5, 6, 11, 12, 15, 16, 20, 21, 25, 28, 30, 32, 33, 34, 37, 39, 41, 42, 43, 44, 45, 48, 50, 52, 55, 56, 57, 58, 60, 62, 63, 66, 68, 70, 72, 73, 76, 77, 78, 79, 80, 81, 82, 83, 84, 85, 86, 87, 88, 89, 93, 96, 97, 98, 99, 101, 103, 104, 105, 106, 107, 108, 110, 112, 114, 115, 116, 117, 119, 121, 122, 123, 124, 125, 128, 131, 136, 138], '1': [7, 8, 9, 13, 14, 17, 18, 19, 22, 23, 26, 29, 31, 35, 36, 38, 40, 46, 47, 49, 51, 53, 59, 61, 64, 67, 69, 71, 90, 91, 92, 94, 95, 109, 111, 118, 120, 126, 127, 129, 132, 133, 134, 135, 139], '2': [24, 65, 74, 75, 100, 102, 113, 137], '3': [130], '4': [10, 27], '5': [54]}"
complete,euclidean,7,"{'0': [7, 8, 9, 13, 14, 17, 18, 19, 22, 23, 26, 29, 31, 35, 36, 38, 40, 46, 47, 49, 51, 53, 59, 61, 64, 67, 69, 71, 90, 91, 92, 94, 95, 109, 111, 118, 120, 126, 127, 129, 132, 133, 134, 135, 139], '1': [10, 27], '2': [2, 4, 5, 6, 12, 15, 20, 25, 30, 37, 44, 48, 50, 52, 55, 57, 66, 68, 73, 76, 77, 79, 82, 85, 86, 87, 89, 97, 99, 101, 105, 106, 107, 108, 112, 116, 119, 122, 128, 131, 136, 138], '3': [130], '4': [1, 3, 11, 16, 21, 28, 32, 33, 34, 39, 41, 42, 43, 45, 56, 58, 60, 62, 63, 70, 72, 78, 80, 81, 83, 84, 88, 93, 96, 98, 103, 104, 110, 114, 115, 117, 121, 123, 124, 125], '5': [54], '6': [24, 65, 74, 75, 100, 102, 113, 137]}"
complete,euclidean,8,"{'0': [10, 27], '1': [7, 8, 13, 14, 17, 18, 19, 22, 23, 26, 31, 36, 38, 40, 46, 47, 49, 51, 53, 59, 61, 64, 67, 69, 90, 92, 95, 109, 111, 118, 120, 126, 127, 129, 133, 139], '2': [2, 4, 5, 6, 12, 15, 20, 25, 30, 37, 44, 48, 50, 52, 55, 57, 66, 68, 73, 76, 77, 79, 82, 85, 86, 87, 89, 97, 99, 101, 105, 106, 107, 108, 112, 116, 119, 122, 128, 131, 136, 138], '3': [9, 29, 35, 71, 91, 94, 132, 134, 135], '4': [1, 3, 11, 16, 21, 28, 32, 33, 34, 39, 41, 42, 43, 45, 56, 58, 60, 62, 63, 70, 72, 78, 80, 81, 83, 84, 88, 93, 96, 98, 103, 104, 110, 114, 115, 117, 121, 123, 124, 125], '5': [54], '6': [24, 65, 74, 75, 100, 102, 113, 137], '7': [130]}"
complete,euclidean,9,"{'0': [7, 8, 13, 14, 17, 18, 19, 22, 23, 26, 31, 36, 38, 40, 46, 47, 49, 51, 53, 59, 61, 64, 67, 69, 90, 92, 95, 109, 111, 118, 120, 126, 127, 129, 133, 139], '1': [9, 29, 35, 71, 91, 94, 132, 134, 135], '2': [2, 4, 5, 6, 12, 15, 20, 25, 30, 37, 44, 48, 50, 52, 55, 57, 66, 68, 73, 76, 77, 79, 82, 85, 86, 87, 89, 97, 99, 101, 105, 106, 107, 108, 112, 116, 119, 122, 128, 131, 136, 138], '3': [130], '4': [1, 3, 11, 16, 21, 28, 32, 33, 34, 39, 41, 42, 43, 45, 56, 58, 60, 62, 63, 70, 72, 78, 80, 81, 83, 84, 88, 93, 96, 98, 103, 104, 110, 114, 115, 117, 121, 123, 124, 125], '5': [54], '6': [24, 65, 74, 75, 100, 102, 113, 137], '7': [27], '8': [10]}"
complete,euclidean,10,"{'0': [9, 29, 35, 71, 91, 94, 132, 134, 135], '1': [7, 8, 13, 14, 17, 18, 19, 22, 23, 31, 38, 40, 46, 47, 49, 51, 53, 61, 64, 67, 69, 90, 92, 109, 120, 127, 129, 133, 139], '2': [2, 4, 5, 6, 12, 15, 20, 25, 30, 37, 44, 48, 50, 52, 55, 57, 66, 68, 73, 76, 77, 79, 82, 85, 86, 87, 89, 97, 99, 101, 105, 106, 107, 108, 112, 116, 119, 122, 128, 131, 136, 138], '3': [130], '4': [26, 36, 59, 95, 111, 118, 126], '5': [54], '6': [24, 65, 74, 75, 100, 102, 113, 137], '7': [27], '8': [10], '9': [1, 3, 11, 16, 21, 28, 32, 33, 34, 39, 41, 42, 43, 45, 56, 58, 60, 62, 63, 70, 72, 78, 80, 81, 83, 84, 88, 93, 96, 98, 103, 104, 110, 114, 115, 117, 121, 123, 124, 125]}"
complete,euclidean,11,"{'0': [7, 8, 13, 14, 17, 18, 19, 22, 23, 31, 38, 40, 46, 47, 49, 51, 53, 61, 64, 67, 69, 90, 92, 109, 120, 127, 129, 133, 139], '1': [9, 29, 35, 91, 94, 132, 134], '2': [2, 4, 5, 6, 12, 15, 20, 25, 30, 37, 44, 48, 50, 52, 55, 57, 66, 68, 73, 76, 77, 79, 82, 85, 86, 87, 89, 97, 99, 101, 105, 106, 107, 108, 112, 116, 119, 122, 128, 131, 136, 138], '3': [130], '4': [71, 135], '5': [54], '6': [24, 65, 74, 75, 100, 102, 113, 137], '7': [27], '8': [10], '9': [1, 3, 11, 16, 21, 28, 32, 33, 34, 39, 41, 42, 43, 45, 56, 58, 60, 62, 63, 70, 72, 78, 80, 81, 83, 84, 88, 93, 96, 98, 103, 104, 110, 114, 115, 117, 121, 123, 124, 125], '10': [26, 36, 59, 95, 111, 118, 126]}"
complete,euclidean,12,"{'0': [9, 29, 35, 91, 94, 132, 134], '1': [71, 135], '2': [7, 13, 14, 17, 18, 19, 23, 40, 46, 49, 51, 61, 67, 69, 90, 92, 109, 127, 133], '3': [130], '4': [26, 36, 59, 95, 111, 118, 126], '5': [2, 4, 5, 6, 12, 15, 20, 25, 30, 37, 44, 48, 50, 52, 55, 57, 66, 68, 73, 76, 77, 79, 82, 85, 86, 87, 89, 97, 99, 101, 105, 106, 107, 108, 112, 116, 119, 122, 128, 131, 136, 138], '6': [24, 65, 74, 75, 100, 102, 113, 137], '7': [27], '8': [10], '9': [1, 3, 11, 16, 21, 28, 32, 33, 34, 39, 41, 42, 43, 45, 56, 58, 60, 62, 63, 70, 72, 78, 80, 81, 83, 84, 88, 93, 96, 98, 103, 104, 110, 114, 115, 117, 121, 123, 124, 125], '10': [8, 22, 31, 38, 47, 53, 64, 120, 129, 139], '11': [54]}"
complete,euclidean,13,"{'0': [71, 135], '1': [26, 36, 59, 95, 111, 118, 126], '2': [7, 13, 14, 17, 18, 19, 23, 40, 46, 49, 51, 61, 67, 69, 90, 92, 109, 127, 133], '3': [130], '4': [8, 22, 31, 38, 47, 53, 64, 120, 129, 139], '5': [2, 4, 5, 6, 12, 15, 20, 25, 30, 37, 44, 48, 50, 52, 55, 57, 66, 68, 73, 76, 77, 79, 82, 85, 86, 87, 89, 97, 99, 101, 105, 106, 107, 108, 112, 116, 119, 122, 128, 131, 136, 138], '6': [24, 65, 74, 75, 100, 102, 113, 137], '7': [27], '8': [10], '9': [1, 3, 11, 16, 21, 28, 32, 33, 34, 39, 41, 42, 43, 45, 56, 58, 60, 62, 63, 70, 72, 78, 80, 81, 83, 84, 88, 93, 96, 98, 103, 104, 110, 114, 115, 117, 121, 123, 124, 125], '10': [9, 29, 35, 94, 132, 134], '11': [54], '12': [91]}"
complete,euclidean,14,"{'0': [26, 36, 59, 95, 111, 118, 126], '1': [8, 22, 31, 38, 47, 53, 64, 120, 129, 139], '2': [7, 13, 14, 17, 18, 19, 23, 40, 46, 49, 51, 61, 67, 69, 90, 92, 109, 127, 133], '3': [130], '4': [9, 29, 35, 94, 132, 134], '5': [2, 4, 5, 6, 12, 15, 20, 25, 30, 37, 44, 48, 50, 52, 55, 57, 66, 68, 73, 76, 77, 79, 82, 85, 86, 87, 89, 97, 99, 101, 105, 106, 107, 108, 112, 116, 119, 122, 128, 131, 136, 138], '6': [24, 65, 74, 75, 100, 102, 113, 137], '7': [27], '8': [10], '9': [1, 3, 11, 16, 21, 28, 32, 33, 34, 39, 41, 42, 43, 45, 56, 58, 60, 62, 63, 70, 72, 78, 80, 81, 83, 84, 88, 93, 96, 98, 103, 104, 110, 114, 115, 117, 121, 123, 124, 125], '10': [135], '11': [54], '12': [91], '13': [71]}"
complete,euclidean,15,"{'0': [8, 22, 31, 38, 47, 53, 64, 120, 129, 139], '1': [9, 29, 35, 94, 132, 134], '2': [7, 13, 14, 17, 18, 19, 23, 40, 46, 49, 51, 61, 67, 69, 90, 92, 109, 127, 133], '3': [130], '4': [1, 3, 11, 16, 21, 28, 32, 33, 34, 39, 41, 42, 43, 45, 56, 58, 60, 62, 63, 70, 72, 78, 80, 81, 83, 84, 88, 93, 96, 98, 103, 104, 110, 114, 115, 117, 121, 123, 124, 125], '5': [2, 4, 5, 6, 12, 15, 20, 25, 30, 37, 44, 48, 50, 52, 55, 57, 66, 68, 73, 76, 77, 79, 82, 85, 86, 87, 89, 97, 99, 101, 105, 106, 107, 108, 112, 116, 119, 122, 128, 131, 136, 138], '6': [95, 118], '7': [27], '8': [10], '9': [26, 36, 59, 111, 126], '10': [135], '11': [54], '12': [91], '13': [71], '14': [24, 65, 74, 75, 100, 102, 113, 137]}"
complete,euclidean,16,"{'0': [7, 13, 14, 17, 18, 19, 23, 40, 46, 49, 51, 61, 67, 69, 90, 92, 109, 127, 133], '1': [9, 29, 35, 94, 132, 134], '2': [22, 47, 53, 120, 139], '3': [8, 31, 38, 64, 129], '4': [1, 3, 11, 16, 21, 28, 32, 33, 34, 39, 41, 42, 43, 45, 56, 58, 60, 62, 63, 70, 72, 78, 80, 81, 83, 84, 88, 93, 96, 98, 103, 104, 110, 114, 115, 117, 121, 123, 124, 125], '5': [2, 4, 5, 6, 12, 15, 20, 25, 30, 37, 44, 48, 50, 52, 55, 57, 66, 68, 73, 76, 77, 79, 82, 85, 86, 87, 89, 97, 99, 101, 105, 106, 107, 108, 112, 116, 119, 122, 128, 131, 136, 138], '6': [95, 118], '7': [130], '8': [10], '9': [26, 36, 59, 111, 126], '10': [135], '11': [54], '12': [91], '13': [71], '14': [24, 65, 74, 75, 100, 102, 113, 137], '15': [27]}"
complete,euclidean,17,"{'0': [7, 14, 17, 23, 40, 46, 61, 92, 133], '1': [9, 29, 35, 94, 132, 134], '2': [22, 47, 53, 120, 139], '3': [13, 18, 19, 49, 51, 67, 69, 90, 109, 127], '4': [1, 3, 11, 16, 21, 28, 32, 33, 34, 39, 41, 42, 43, 45, 56, 58, 60, 62, 63, 70, 72, 78, 80, 81, 83, 84, 88, 93, 96, 98, 103, 104, 110, 114, 115, 117, 121, 123, 124, 125], '5': [2, 4, 5, 6, 12, 15, 20, 25, 30, 37, 44, 48, 50, 52, 55, 57, 66, 68, 73, 76, 77, 79, 82, 85, 86, 87, 89, 97, 99, 101, 105, 106, 107, 108, 112, 116, 119, 122, 128, 131, 136, 138], '6': [95, 118], '7': [8, 31, 38, 64, 129], '8': [10], '9': [26, 36, 59, 111, 126], '10': [135], '11': [54], '12': [91], '13': [71], '14': [24, 65, 74, 75, 100, 102, 113, 137], '15': [27], '16': [130]}"
complete,euclidean,18,"{'0': [9, 29, 35, 94, 132, 134], '1': [1, 3, 11, 16, 21, 28, 32, 33, 34, 39, 41, 42, 43, 45, 56, 58, 60, 62, 63, 70, 72, 78, 80, 81, 83, 84, 88, 93, 96, 98, 103, 104, 110, 114, 115, 117, 121, 123, 124, 125], '2': [22, 47, 53, 120, 139], '3': [13, 18, 19, 49, 51, 67, 69, 90, 109, 127], '4': [26, 36, 59, 111, 126], '5': [2, 4, 5, 6, 12, 15, 20, 25, 30, 37, 44, 48, 50, 52, 55, 57, 66, 68, 73, 76, 77, 79, 82, 85, 86, 87, 89, 97, 99, 101, 105, 106, 107, 108, 112, 116, 119, 122, 128, 131, 136, 138], '6': [95, 118], '7': [8, 31, 38, 64, 129], '8': [14, 23, 61, 92], '9': [7, 17, 40, 46, 133], '10': [135], '11': [54], '12': [91], '13': [71], '14': [24, 65, 74, 75, 100, 102, 113, 137], '15': [27], '16': [130], '17': [10]}"
complete,euclidean,19,"{'0': [9, 29, 94, 132], '1': [1, 3, 11, 16, 21, 28, 32, 33, 34, 39, 41, 42, 43, 45, 56, 58, 60, 62, 63, 70, 72, 78, 80, 81, 83, 84, 88, 93, 96, 98, 103, 104, 110, 114, 115, 117, 121, 123, 124, 125], '2': [22, 47, 53, 120, 139], '3': [13, 18, 19, 49, 51, 67, 69, 90, 109, 127], '4': [26, 36, 59, 111, 126], '5': [2, 4, 5, 6, 12, 15, 20, 25, 30, 37, 44, 48, 50, 52, 55, 57, 66, 68, 73, 76, 77, 79, 82, 85, 86, 87, 89, 97, 99, 101, 105, 106, 107, 108, 112, 116, 119, 122, 128, 131, 136, 138], '6': [95, 118], '7': [8, 31, 38, 64, 129], '8': [35, 134], '9': [7, 17, 40, 46, 133], '10': [135], '11': [54], '12': [91], '13': [71], '14': [24, 65, 74, 75, 100, 102, 113, 137], '15': [27], '16': [130], '17': [10], '18': [14, 23, 61, 92]}"
complete,euclidean,20,"{'0': [1, 3, 11, 16, 21, 28, 32, 33, 34, 39, 41, 42, 43, 45, 56, 58, 60, 62, 63, 70, 72, 78, 80, 81, 83, 84, 88, 93, 96, 98, 103, 104, 110, 114, 115, 117, 121, 123, 124, 125], '1': [13, 18, 19, 49, 51, 67, 69, 90, 109, 127], '2': [22, 47, 53, 120, 139], '3': [35, 134], '4': [26, 36, 59, 111, 126], '5': [2, 4, 5, 6, 12, 15, 20, 25, 30, 37, 44, 48, 50, 52, 55, 57, 66, 68, 73, 76, 77, 79, 82, 85, 86, 87, 89, 97, 99, 101, 105, 106, 107, 108, 112, 116, 119, 122, 128, 131, 136, 138], '6': [95, 118], '7': [8, 31, 38, 64, 129], '8': [9, 94, 132], '9': [7, 17, 40, 46, 133], '10': [135], '11': [54], '12': [91], '13': [71], '14': [24, 65, 74, 75, 100, 102, 113, 137], '15': [27], '16': [130], '17': [10], '18': [14, 23, 61, 92], '19': [29]}"
complete,manhattan,4,"{'0': [4, 5, 12, 24, 37, 44, 50, 52, 55, 57, 65, 66, 74, 75, 79, 82, 100, 102, 105, 106, 113, 119, 122, 128, 137, 138], '1': [10, 35, 54, 71, 130, 134], '2': [1, 2, 3, 6, 7, 8, 11, 14, 15, 16, 18, 19, 20, 21, 23, 25, 28, 30, 32, 33, 34, 39, 40, 41, 42, 43, 45, 46, 48, 49, 51, 56, 58, 60, 62, 63, 67, 68, 69, 70, 72, 73, 76, 77, 78, 80, 81, 83, 84, 85, 86, 87, 88, 89, 90, 92, 93, 95, 96, 97, 98, 99, 101, 103, 104, 107, 108, 109, 110, 111, 112, 114, 115, 116, 117, 121, 123, 124, 125, 127, 131, 133, 136], '3': [9, 13, 17, 22, 26, 27, 29, 31, 36, 38, 47, 53, 59, 61, 64, 91, 94, 118, 120, 126, 129, 132, 135, 139]}"
complete,manhattan,5,"{'0': [1, 2, 3, 6, 7, 8, 11, 14, 15, 16, 18, 19, 20, 21, 23, 25, 28, 30, 32, 33, 34, 39, 40, 41, 42, 43, 45, 46, 48, 49, 51, 56, 58, 60, 62, 63, 67, 68, 69, 70, 72, 73, 76, 77, 78, 80, 81, 83, 84, 85, 86, 87, 88, 89, 90, 92, 93, 95, 96, 97, 98, 99, 101, 103, 104, 107, 108, 109, 110, 111, 112, 114, 115, 116, 117, 121, 123, 124, 125, 127, 131, 133, 136], '1': [10, 35, 54, 71, 130, 134], '2': [24, 65, 74, 75, 100, 102, 113, 137], '3': [9, 13, 17, 22, 26, 27, 29, 31, 36, 38, 47, 53, 59, 61, 64, 91, 94, 118, 120, 126, 129, 132, 135, 139], '4': [4, 5, 12, 37, 44, 50, 52, 55, 57, 66, 79, 82, 105, 106, 119, 122, 128, 138]}"
complete,manhattan,6,"{'0': [10, 35, 54, 71, 130, 134], '1': [9, 13, 17, 22, 26, 27, 29, 31, 36, 38, 47, 53, 59, 61, 64, 91, 94, 118, 120, 126, 129, 132, 135, 139], '2': [24, 65, 74, 75, 100, 102, 113, 137], '3': [2, 3, 6, 11, 15, 16, 20, 21, 25, 30, 33, 34, 42, 43, 48, 56, 58, 60, 62, 63, 68, 70, 72, 73, 76, 77, 81, 83, 84, 85, 86, 87, 89, 93, 96, 97, 98, 99, 101, 103, 104, 107, 108, 110, 112, 114, 116, 117, 121, 123, 124, 125, 131, 136], '4': [4, 5, 12, 37, 44, 50, 52, 55, 57, 66, 79, 82, 105, 106, 119, 122, 128, 138], '5': [1, 7, 8, 14, 18, 19, 23, 28, 32, 39, 40, 41, 45, 46, 49, 51, 67, 69, 78, 80, 88, 90, 92, 95, 109, 111, 115, 127, 133]}"
complete,manhattan,7,"{'0': [9, 13, 17, 22, 26, 27, 29, 31, 36, 38, 47, 53, 59, 61, 64, 91, 94, 118, 120, 126, 129, 132, 135, 139], '1': [10, 35, 54, 71, 134], '2': [24, 65, 74, 75, 100, 102, 113, 137], '3': [2, 3, 6, 11, 15, 16, 20, 21, 25, 30, 33, 34, 42, 43, 48, 56, 58, 60, 62, 63, 68, 70, 72, 73, 76, 77, 81, 83, 84, 85, 86, 87, 89, 93, 96, 97, 98, 99, 101, 103, 104, 107, 108, 110, 112, 114, 116, 117, 121, 123, 124, 125, 131, 136], '4': [4, 5, 12, 37, 44, 50, 52, 55, 57, 66, 79, 82, 105, 106, 119, 122, 128, 138], '5': [1, 7, 8, 14, 18, 19, 23, 28, 32, 39, 40, 41, 45, 46, 49, 51, 67, 69, 78, 80, 88, 90, 92, 95, 109, 111, 115, 127, 133], '6': [130]}"
complete,manhattan,8,"{'0': [10, 35, 54, 71, 134], '1': [2, 3, 6, 11, 15, 16, 20, 21, 25, 30, 33, 34, 42, 43, 48, 56, 58, 60, 62, 63, 68, 70, 72, 73, 76, 77, 81, 83, 84, 85, 86, 87, 89, 93, 96, 97, 98, 99, 101, 103, 104, 107, 108, 110, 112, 114, 116, 117, 121, 123, 124, 125, 131, 136], '2': [24, 65, 74, 75, 100, 102, 113, 137], '3': [9, 13, 17, 22, 26, 29, 31, 36, 38, 47, 53, 59, 61, 64, 91, 94, 118, 120, 126, 129, 132, 135, 139], '4': [4, 5, 12, 37, 44, 50, 52, 55, 57, 66, 79, 82, 105, 106, 119, 122, 128, 138], '5': [1, 7, 8, 14, 18, 19, 23, 28, 32, 39, 40, 41, 45, 46, 49, 51, 67, 69, 78, 80, 88, 90, 92, 95, 109, 111, 115, 127, 133], '6': [130], '7': [27]}"
complete,manhattan,9,"{'0': [24, 65, 74, 75, 100, 102, 113, 137], '1': [2, 3, 6, 11, 15, 16, 20, 21, 25, 30, 33, 34, 42, 43, 48, 56, 58, 60, 62, 63, 68, 70, 72, 73, 76, 77, 81, 83, 84, 85, 86, 87, 89, 93, 96, 97, 98, 99, 101, 103, 104, 107, 108, 110, 112, 114, 116, 117, 121, 123, 124, 125, 131, 136], '2': [10, 35, 71, 134], '3': [9, 13, 17, 22, 26, 29, 31, 36, 38, 47, 53, 59, 61, 64, 91, 94, 118, 120, 126, 129, 132, 135, 139], '4': [4, 5, 12, 37, 44, 50, 52, 55, 57, 66, 79, 82, 105, 106, 119, 122, 128, 138], '5': [1, 7, 8, 14, 18, 19, 23, 28, 32, 39, 40, 41, 45, 46, 49, 51, 67, 69, 78, 80, 88, 90, 92, 95, 109, 111, 115, 127, 133], '6': [130], '7': [27], '8': [54]}"
complete,manhattan,10,"{'0': [2, 3, 6, 11, 15, 16, 20, 21, 25, 30, 33, 34, 42, 43, 48, 56, 58, 60, 62, 63, 68, 70, 72, 73, 76, 77, 81, 83, 84, 85, 86, 87, 89, 93, 96, 97, 98, 99, 101, 103, 104, 107, 108, 110, 112, 114, 116, 117, 121, 123, 124, 125, 131, 136], '1': [9, 13, 17, 22, 26, 29, 31, 36, 38, 47, 53, 59, 61, 64, 91, 94, 118, 120, 126, 129, 132, 135, 139], '2': [10, 35, 71, 134], '3': [24, 65, 74, 75, 100, 113, 137], '4': [4, 5, 12, 37, 44, 50, 52, 55, 57, 66, 79, 82, 105, 106, 119, 122, 128, 138], '5': [1, 7, 8, 14, 18, 19, 23, 28, 32, 39, 40, 41, 45, 46, 49, 51, 67, 69, 78, 80, 88, 90, 92, 95, 109, 111, 115, 127, 133], '6': [130], '7': [27], '8': [54], '9': [102]}"
complete,manhattan,11,"{'0': [9, 13, 17, 22, 26, 29, 31, 36, 38, 47, 53, 59, 61, 64, 91, 94, 118, 120, 126, 129, 132, 135, 139], '1': [3, 11, 16, 21, 33, 34, 42, 43, 56, 58, 60, 62, 63, 70, 72, 81, 83, 84, 93, 96, 98, 101, 103, 104, 110, 114, 117, 121, 123, 125], '2': [10, 35, 71, 134], '3': [24, 65, 74, 75, 100, 113, 137], '4': [2, 6, 15, 20, 25, 30, 48, 68, 73, 76, 77, 85, 86, 87, 89, 97, 99, 107, 108, 112, 116, 124, 131, 136], '5': [1, 7, 8, 14, 18, 19, 23, 28, 32, 39, 40, 41, 45, 46, 49, 51, 67, 69, 78, 80, 88, 90, 92, 95, 109, 111, 115, 127, 133], '6': [130], '7': [27], '8': [54], '9': [102], '10': [4, 5, 12, 37, 44, 50, 52, 55, 57, 66, 79, 82, 105, 106, 119, 122, 128, 138]}"
complete,manhattan,12,"{'0': [13, 17, 22, 26, 53, 61, 118, 135], '1': [3, 11, 16, 21, 33, 34, 42, 43, 56, 58, 60, 62, 63, 70, 72, 81, 83, 84, 93, 96, 98, 101, 103, 104, 110, 114, 117, 121, 123, 125], '2': [10, 35, 71, 134], '3': [24, 65, 74, 75, 100, 113, 137], '4': [2, 6, 15, 20, 25, 30, 48, 68, 73, 76, 77, 85, 86, 87, 89, 97, 99, 107, 108, 112, 116, 124, 131, 136], '5': [1, 7, 8, 14, 18, 19, 23, 28, 32, 39, 40, 41, 45, 46, 49, 51, 67, 69, 78, 80, 88, 90, 92, 95, 109, 111, 115, 127, 133], '6': [130], '7': [27], '8': [54], '9': [102], '10': [4, 5, 12, 37, 44, 50, 52, 55, 57, 66, 79, 82, 105, 106, 119, 122, 128, 138], '11': [9, 29, 31, 36, 38, 47, 59, 64, 91, 94, 120, 126, 129, 132, 139]}"
complete,manhattan,13,"{'0': [10, 35, 71, 134], '1': [3, 11, 16, 21, 33, 34, 42, 43, 56, 58, 60, 62, 63, 70, 72, 81, 83, 84, 93, 96, 98, 101, 103, 104, 110, 114, 117, 121, 123, 125], '2': [13, 17, 22, 26, 53, 61, 118], '3': [24, 65, 74, 75, 100, 113, 137], '4': [2, 6, 15, 20, 25, 30, 48, 68, 73, 76, 77, 85, 86, 87, 89, 97, 99, 107, 108, 112, 116, 124, 131, 136], '5': [1, 7, 8, 14, 18, 19, 23, 28, 32, 39, 40, 41, 45, 46, 49, 51, 67, 69, 78, 80, 88, 90, 92, 95, 109, 111, 115, 127, 133], '6': [130], '7': [27], '8': [54], '9': [102], '10': [4, 5, 12, 37, 44, 50, 52, 55, 57, 66, 79, 82, 105, 106, 119, 122, 128, 138], '11': [9, 29, 31, 36, 38, 47, 59, 64, 91, 94, 120, 126, 129, 132, 139], '12': [135]}"
complete,manhattan,14,"{'0': [13, 17, 22, 26, 53, 61, 118], '1': [3, 11, 16, 21, 33, 34, 42, 43, 56, 58, 60, 62, 63, 70, 72, 81, 83, 84, 93, 96, 98, 101, 103, 104, 110, 114, 117, 121, 123, 125], '2': [1, 7, 8, 14, 18, 19, 23, 28, 32, 39, 40, 41, 45, 46, 49, 51, 67, 69, 78, 80, 88, 90, 92, 95, 109, 111, 115, 127, 133], '3': [24, 65, 74, 75, 100, 113, 137], '4': [2, 6, 15, 20, 25, 30, 48, 68, 73, 76, 77, 85, 86, 87, 89, 97, 99, 107, 108, 112, 116, 124, 131, 136], '5': [9, 29, 31, 36, 38, 47, 59, 64, 91, 94, 120, 126, 129, 132, 139], '6': [130], '7': [27], '8': [54], '9': [102], '10': [4, 5, 12, 37, 44, 50, 52, 55, 57, 66, 79, 82, 105, 106, 119, 122, 128, 138], '11': [35, 71, 134], '12': [135], '13': [10]}"
complete,manhattan,15,"{'0': [1, 7, 8, 14, 18, 19, 23, 28, 32, 39, 40, 41, 45, 46, 49, 51, 67, 69, 78, 80, 88, 90, 92, 95, 109, 111, 115, 127, 133], '1': [3, 11, 16, 21, 33, 34, 42, 43, 56, 58, 60, 62, 63, 70, 72, 81, 83, 84, 93, 96, 98, 101, 103, 104, 110, 114, 117, 121, 123, 125], '2': [9, 29, 31, 36, 38, 47, 59, 64, 91, 94, 120, 126, 129, 132, 139], '3': [24, 65, 74, 75, 100, 113, 137], '4': [2, 6, 15, 20, 25, 30, 48, 68, 73, 76, 77, 85, 86, 87, 89, 97, 99, 107, 108, 112, 116, 124, 131, 136], '5': [53, 118], '6': [13, 17, 22, 26, 61], '7': [27], '8': [54], '9': [102], '10': [4, 5, 12, 37, 44, 50, 52, 55, 57, 66, 79, 82, 105, 106, 119, 122, 128, 138], '11': [35, 71, 134], '12': [135], '13': [10], '14': [130]}"
complete,manhattan,16,"{'0': [9, 29, 31, 36, 38, 47, 59, 64, 91, 94, 120, 126, 129, 132, 139], '1': [3, 11, 16, 21, 33, 34, 42, 43, 56, 58, 60, 62, 63, 70, 72, 81, 83, 84, 93, 96, 98, 101, 103, 104, 110, 114, 117, 121, 123, 125], '2': [1, 18, 23, 32, 40, 49, 51, 67, 69, 90, 92, 95, 109, 111], '3': [7, 8, 14, 19, 28, 39, 41, 45, 46, 78, 80, 88, 115, 127, 133], '4': [2, 6, 15, 20, 25, 30, 48, 68, 73, 76, 77, 85, 86, 87, 89, 97, 99, 107, 108, 112, 116, 124, 131, 136], '5': [53, 118], '6': [13, 17, 22, 26, 61], '7': [24, 65, 74, 75, 100, 113, 137], '8': [54], '9': [102], '10': [4, 5, 12, 37, 44, 50, 52, 55, 57, 66, 79, 82, 105, 106, 119, 122, 128, 138], '11': [35, 71, 134], '12': [135], '13': [10], '14': [130], '15': [27]}"
complete,manhattan,17,"{'0': [1, 18, 23, 32, 40, 49, 51, 67, 69, 90, 92, 95, 109, 111], '1': [3, 11, 16, 21, 33, 34, 42, 43, 56, 58, 60, 62, 63, 70, 72, 81, 83, 84, 93, 96, 98, 101, 103, 104, 110, 114, 117, 121, 123, 125], '2': [53, 118], '3': [7, 8, 14, 19, 28, 39, 41, 45, 46, 78, 80, 88, 115, 127, 133], '4': [2, 6, 15, 20, 25, 30, 48, 68, 73, 76, 77, 85, 86, 87, 89, 97, 99, 107, 108, 112, 116, 124, 131, 136], '5': [9, 29, 31, 36, 38, 47, 59, 64, 94, 120, 126, 129, 132, 139], '6': [13, 17, 22, 26, 61], '7': [24, 65, 74, 75, 100, 113, 137], '8': [54], '9': [102], '10': [4, 5, 12, 37, 44, 50, 52, 55, 57, 66, 79, 82, 105, 106, 119, 122, 128, 138], '11': [35, 71, 134], '12': [135], '13': [10], '14': [130], '15': [27], '16': [91]}"
complete,manhattan,18,"{'0': [3, 11, 16, 21, 33, 34, 42, 43, 56, 58, 60, 62, 63, 70, 72, 81, 83, 84, 93, 96, 98, 101, 103, 104, 110, 114, 117, 121, 123, 125], '1': [7, 8, 14, 19, 28, 39, 41, 45, 46, 78, 80, 88, 115, 127, 133], '2': [53, 118], '3': [18, 23, 32, 40, 49, 90, 92, 95, 109, 111], '4': [2, 6, 15, 20, 25, 30, 48, 68, 73, 76, 77, 85, 86, 87, 89, 97, 99, 107, 108, 112, 116, 124, 131, 136], '5': [9, 29, 31, 36, 38, 47, 59, 64, 94, 120, 126, 129, 132, 139], '6': [13, 17, 22, 26, 61], '7': [24, 65, 74, 75, 100, 113, 137], '8': [1, 51, 67, 69], '9': [102], '10': [4, 5, 12, 37, 44, 50, 52, 55, 57, 66, 79, 82, 105, 106, 119, 122, 128, 138], '11': [35, 71, 134], '12': [135], '13': [10], '14': [130], '15': [27], '16': [91], '17': [54]}"
complete,manhattan,19,"{'0': [7, 8, 14, 19, 28, 39, 41, 45, 46, 78, 80, 88, 115, 127, 133], '1': [3, 11, 16, 21, 33, 34, 42, 43, 56, 58, 60, 63, 70, 72, 81, 83, 84, 93, 96, 98, 101, 104, 110, 114, 117, 121, 123, 125], '2': [53, 118], '3': [18, 23, 32, 40, 49, 90, 92, 95, 109, 111], '4': [2, 6, 15, 20, 25, 30, 48, 68, 73, 76, 77, 85, 86, 87, 89, 97, 99, 107, 108, 112, 116, 124, 131, 136], '5': [9, 29, 31, 36, 38, 47, 59, 64, 94, 120, 126, 129, 132, 139], '6': [13, 17, 22, 26, 61], '7': [24, 65, 74, 75, 100, 113, 137], '8': [1, 51, 67, 69], '9': [102], '10': [4, 5, 12, 37, 44, 50, 52, 55, 57, 66, 79, 82, 105, 106, 119, 122, 128, 138], '11': [35, 71, 134], '12': [135], '13': [10], '14': [130], '15': [27], '16': [91], '17': [54], '18': [62, 103]}"
complete,manhattan,20,"{'0': [53, 118], '1': [3, 11, 16, 21, 33, 34, 42, 43, 56, 58, 60, 63, 70, 72, 81, 83, 84, 93, 96, 98, 101, 104, 110, 114, 117, 121, 123, 125], '2': [9, 29, 31, 36, 38, 47, 59, 64, 94, 120, 126, 129, 132, 139], '3': [18, 23, 32, 40, 49, 90, 92, 95, 109, 111], '4': [2, 6, 15, 20, 25, 30, 48, 68, 73, 76, 77, 85, 86, 87, 89, 97, 99, 107, 108, 112, 116, 124, 131, 136], '5': [7, 8, 19, 28, 39, 41, 45, 46, 78, 80, 88, 115, 127, 133], '6': [13, 17, 22, 26, 61], '7': [24, 65, 74, 75, 100, 113, 137], '8': [1, 51, 67, 69], '9': [102], '10': [4, 5, 12, 37, 44, 50, 52, 55, 57, 66, 79, 82, 105, 106, 119, 122, 128, 138], '11': [35, 71, 134], '12': [135], '13': [10], '14': [130], '15': [27], '16': [91], '17': [54], '18': [62, 103], '19': [14]}"
complete,cosine,4,"{'0': [1, 2, 4, 5, 6, 7, 9, 11, 12, 13, 15, 16, 17, 18, 19, 20, 22, 24, 25, 26, 28, 29, 30, 31, 32, 33, 34, 35, 36, 37, 38, 39, 40, 41, 42, 43, 44, 45, 46, 47, 48, 49, 50, 51, 52, 53, 55, 56, 57, 58, 59, 60, 61, 62, 64, 65, 66, 67, 68, 69, 70, 72, 73, 74, 75, 76, 77, 78, 79, 80, 81, 82, 83, 84, 85, 86, 87, 88, 89, 90, 91, 92, 93, 94, 95, 96, 97, 98, 99, 100, 101, 102, 103, 104, 105, 106, 107, 108, 110, 111, 112, 113, 114, 115, 116, 117, 118, 119, 120, 121, 122, 123, 124, 125, 126, 127, 128, 129, 131, 132, 133, 134, 136, 137, 138, 139], '1': [27, 130], '2': [3, 8, 14, 21, 23, 54, 63, 71, 109, 135], '3': [10]}"
complete,cosine,5,"{'0': [27, 130], '1': [1, 7, 9, 17, 18, 19, 25, 28, 30, 33, 34, 35, 36, 40, 41, 42, 43, 46, 47, 48, 49, 60, 61, 65, 67, 68, 72, 80, 81, 83, 85, 87, 90, 91, 92, 94, 97, 101, 102, 105, 106, 114, 118, 121, 123, 124, 126, 127, 129, 131, 132, 133, 139], '2': [3, 8, 14, 21, 23, 54, 63, 71, 109, 135], '3': [10], '4': [2, 4, 5, 6, 11, 12, 13, 15, 16, 20, 22, 24, 26, 29, 31, 32, 37, 38, 39, 44, 45, 50, 51, 52, 53, 55, 56, 57, 58, 59, 62, 64, 66, 69, 70, 73, 74, 75, 76, 77, 78, 79, 82, 84, 86, 88, 89, 93, 95, 96, 98, 99, 100, 103, 104, 107, 108, 110, 111, 112, 113, 115, 116, 117, 119, 120, 122, 125, 128, 134, 136, 137, 138]}"
complete,cosine,6,"{'0': [3, 8, 14, 21, 23, 54, 63, 71, 109, 135], '1': [1, 7, 9, 17, 18, 19, 25, 28, 30, 33, 34, 35, 36, 40, 41, 42, 43, 46, 47, 48, 49, 60, 61, 65, 67, 68, 72, 80, 81, 83, 85, 87, 90, 91, 92, 94, 97, 101, 102, 105, 106, 114, 118, 121, 123, 124, 126, 127, 129, 131, 132, 133, 139], '2': [130], '3': [10], '4': [2, 4, 5, 6, 11, 12, 13, 15, 16, 20, 22, 24, 26, 29, 31, 32, 37, 38, 39, 44, 45, 50, 51, 52, 53, 55, 56, 57, 58, 59, 62, 64, 66, 69, 70, 73, 74, 75, 76, 77, 78, 79, 82, 84, 86, 88, 89, 93, 95, 96, 98, 99, 100, 103, 104, 107, 108, 110, 111, 112, 113, 115, 116, 117, 119, 120, 122, 125, 128, 134, 136, 137, 138], '5': [27]}"
complete,cosine,7,"{'0': [1, 7, 9, 17, 18, 19, 25, 28, 30, 33, 34, 35, 36, 40, 41, 42, 43, 46, 47, 48, 49, 60, 61, 65, 67, 68, 72, 80, 81, 83, 85, 87, 90, 91, 92, 94, 97, 101, 102, 105, 106, 114, 118, 121, 123, 124, 126, 127, 129, 131, 132, 133, 139], '1': [2, 4, 5, 6, 11, 12, 13, 15, 16, 20, 22, 24, 26, 29, 31, 32, 37, 38, 39, 44, 45, 50, 51, 52, 53, 55, 56, 57, 58, 59, 62, 64, 66, 69, 70, 73, 74, 75, 76, 77, 78, 79, 82, 84, 86, 88, 89, 93, 95, 96, 98, 99, 100, 103, 104, 107, 108, 110, 111, 112, 113, 115, 116, 117, 119, 120, 122, 125, 128, 134, 136, 137, 138], '2': [130], '3': [10], '4': [3, 8, 14, 21, 23, 63, 71, 109, 135], '5': [27], '6': [54]}"
complete,cosine,8,"{'0': [2, 4, 5, 6, 11, 12, 13, 15, 16, 20, 22, 24, 26, 29, 31, 32, 37, 38, 39, 44, 45, 50, 51, 52, 53, 55, 56, 57, 58, 59, 62, 64, 66, 69, 70, 73, 74, 75, 76, 77, 78, 79, 82, 84, 86, 88, 89, 93, 95, 96, 98, 99, 100, 103, 104, 107, 108, 110, 111, 112, 113, 115, 116, 117, 119, 120, 122, 125, 128, 134, 136, 137, 138], '1': [1, 7, 9, 35, 47, 91, 94, 114, 118, 127, 129, 131, 132, 139], '2': [130], '3': [17, 18, 19, 25, 28, 30, 33, 34, 36, 40, 41, 42, 43, 46, 48, 49, 60, 61, 65, 67, 68, 72, 80, 81, 83, 85, 87, 90, 92, 97, 101, 102, 105, 106, 121, 123, 124, 126, 133], '4': [3, 8, 14, 21, 23, 63, 71, 109, 135], '5': [27], '6': [54], '7': [10]}"
complete,cosine,9,"{'0': [11, 13, 15, 16, 20, 22, 26, 29, 31, 32, 37, 38, 39, 44, 45, 51, 52, 53, 55, 56, 58, 64, 66, 69, 73, 74, 75, 78, 79, 82, 86, 88, 89, 96, 98, 99, 100, 104, 107, 108, 110, 112, 113, 115, 116, 117, 120, 122, 125, 128, 134, 137], '1': [1, 7, 9, 35, 47, 91, 94, 114, 118, 127, 129, 131, 132, 139], '2': [130], '3': [17, 18, 19, 25, 28, 30, 33, 34, 36, 40, 41, 42, 43, 46, 48, 49, 60, 61, 65, 67, 68, 72, 80, 81, 83, 85, 87, 90, 92, 97, 101, 102, 105, 106, 121, 123, 124, 126, 133], '4': [3, 8, 14, 21, 23, 63, 71, 109, 135], '5': [27], '6': [54], '7': [10], '8': [2, 4, 5, 6, 12, 24, 50, 57, 59, 62, 70, 76, 77, 84, 93, 95, 103, 111, 119, 136, 138]}"
complete,cosine,10,"{'0': [1, 7, 9, 35, 47, 91, 94, 114, 118, 127, 129, 131, 132, 139], '1': [17, 18, 19, 25, 28, 30, 33, 34, 36, 40, 41, 42, 43, 46, 48, 49, 60, 61, 65, 67, 68, 72, 80, 81, 83, 85, 87, 90, 92, 97, 101, 102, 105, 106, 121, 123, 124, 126, 133], '2': [130], '3': [11, 13, 15, 20, 22, 31, 51, 53, 55, 56, 69, 104, 108, 110, 112, 113, 115, 120, 128, 134, 137], '4': [3, 8, 14, 21, 23, 63, 71, 109, 135], '5': [27], '6': [54], '7': [10], '8': [2, 4, 5, 6, 12, 24, 50, 57, 59, 62, 70, 76, 77, 84, 93, 95, 103, 111, 119, 136, 138], '9': [16, 26, 29, 32, 37, 38, 39, 44, 45, 52, 58, 64, 66, 73, 74, 75, 78, 79, 82, 86, 88, 89, 96, 98, 99, 100, 107, 116, 117, 122, 125]}"
complete,cosine,11,"{'0': [17, 18, 19, 25, 28, 30, 33, 34, 36, 40, 41, 42, 43, 46, 48, 49, 60, 61, 65, 67, 68, 72, 80, 81, 83, 85, 87, 90, 92, 97, 101, 102, 105, 106, 121, 123, 124, 126, 133], '1': [1, 7, 9, 35, 47, 94, 114, 118, 127, 129, 132], '2': [130], '3': [11, 13, 15, 20, 22, 31, 51, 53, 55, 56, 69, 104, 108, 110, 112, 113, 115, 120, 128, 134, 137], '4': [3, 8, 14, 21, 23, 63, 71, 109, 135], '5': [27], '6': [54], '7': [10], '8': [2, 4, 5, 6, 12, 24, 50, 57, 59, 62, 70, 76, 77, 84, 93, 95, 103, 111, 119, 136, 138], '9': [16, 26, 29, 32, 37, 38, 39, 44, 45, 52, 58, 64, 66, 73, 74, 75, 78, 79, 82, 86, 88, 89, 96, 98, 99, 100, 107, 116, 117, 122, 125], '10': [91, 131, 139]}"
complete,cosine,12,"{'0': [1, 7, 9, 35, 47, 94, 114, 118, 127, 129, 132], '1': [11, 13, 15, 20, 22, 31, 51, 53, 55, 56, 69, 104, 108, 110, 112, 113, 115, 120, 128, 134, 137], '2': [18, 19, 25, 30, 36, 42, 43, 48, 49, 60, 65, 67, 68, 83, 87, 90, 101, 102, 126], '3': [17, 28, 33, 34, 40, 41, 46, 61, 72, 80, 81, 85, 92, 97, 105, 106, 121, 123, 124, 133], '4': [3, 8, 14, 21, 23, 63, 71, 109, 135], '5': [130], '6': [54], '7': [10], '8': [2, 4, 5, 6, 12, 24, 50, 57, 59, 62, 70, 76, 77, 84, 93, 95, 103, 111, 119, 136, 138], '9': [16, 26, 29, 32, 37, 38, 39, 44, 45, 52, 58, 64, 66, 73, 74, 75, 78, 79, 82, 86, 88, 89, 96, 98, 99, 100, 107, 116, 117, 122, 125], '10': [91, 131, 139], '11': [27]}"
complete,cosine,13,"{'0': [11, 13, 15, 20, 22, 31, 51, 53, 55, 56, 69, 104, 108, 110, 112, 113, 115, 120, 128, 134, 137], '1': [17, 28, 33, 34, 40, 41, 46, 61, 72, 80, 81, 85, 92, 97, 105, 106, 121, 123, 124, 133], '2': [18, 19, 25, 30, 36, 42, 43, 48, 49, 60, 65, 67, 68, 83, 87, 90, 101, 102, 126], '3': [2, 4, 5, 6, 12, 24, 50, 57, 59, 62, 70, 76, 77, 84, 93, 95, 103, 111, 119, 136, 138], '4': [3, 8, 14, 21, 23, 63, 71, 109, 135], '5': [7, 9, 35, 94, 114, 132], '6': [54], '7': [10], '8': [1, 47, 118, 127, 129], '9': [16, 26, 29, 32, 37, 38, 39, 44, 45, 52, 58, 64, 66, 73, 74, 75, 78, 79, 82, 86, 88, 89, 96, 98, 99, 100, 107, 116, 117, 122, 125], '10': [91, 131, 139], '11': [27], '12': [130]}"
complete,cosine,14,"{'0': [17, 28, 33, 34, 40, 41, 46, 61, 72, 80, 81, 85, 92, 97, 105, 106, 121, 123, 124, 133], '1': [3, 8, 14, 21, 23, 63, 71, 109, 135], '2': [18, 19, 25, 30, 36, 42, 43, 48, 49, 60, 65, 67, 68, 83, 87, 90, 101, 102, 126], '3': [2, 4, 5, 6, 12, 24, 50, 57, 59, 62, 70, 76, 77, 84, 93, 95, 103, 111, 119, 136, 138], '4': [16, 26, 29, 32, 37, 38, 39, 44, 45, 52, 58, 64, 66, 73, 74, 75, 78, 79, 82, 86, 88, 89, 96, 98, 99, 100, 107, 116, 117, 122, 125], '5': [7, 9, 35, 94, 114, 132], '6': [11, 15, 20, 31, 51, 55, 56, 69, 104, 108, 110, 112, 113, 128, 134, 137], '7': [10], '8': [1, 47, 118, 127, 129], '9': [13, 22, 53, 115, 120], '10': [91, 131, 139], '11': [27], '12': [130], '13': [54]}"
complete,cosine,15,"{'0': [3, 8, 14, 21, 23, 63, 71, 109, 135], '1': [16, 26, 29, 32, 37, 38, 39, 44, 45, 52, 58, 64, 66, 73, 74, 75, 78, 79, 82, 86, 88, 89, 96, 98, 99, 100, 107, 116, 117, 122, 125], '2': [18, 19, 25, 30, 36, 42, 43, 48, 49, 60, 65, 67, 68, 83, 87, 90, 101, 102, 126], '3': [2, 4, 5, 6, 12, 24, 50, 57, 59, 62, 70, 76, 77, 84, 93, 95, 103, 111, 119, 136, 138], '4': [17, 28, 33, 34, 41, 46, 61, 72, 80, 81, 85, 105, 121, 124, 133], '5': [7, 9, 35, 94, 114, 132], '6': [11, 15, 20, 31, 51, 55, 56, 69, 104, 108, 110, 112, 113, 128, 134, 137], '7': [10], '8': [1, 47, 118, 127, 129], '9': [13, 22, 53, 115, 120], '10': [91, 131, 139], '11': [27], '12': [130], '13': [54], '14': [40, 92, 97, 106, 123]}"
complete,cosine,16,"{'0': [16, 26, 29, 32, 37, 38, 39, 44, 45, 52, 58, 64, 66, 73, 74, 75, 78, 79, 82, 86, 88, 89, 96, 98, 99, 100, 107, 116, 117, 122, 125], '1': [2, 4, 5, 6, 12, 24, 50, 57, 59, 62, 70, 76, 77, 84, 93, 95, 103, 111, 119, 136, 138], '2': [18, 19, 25, 30, 36, 42, 43, 48, 49, 60, 65, 67, 68, 83, 87, 90, 101, 102, 126], '3': [3, 8, 71, 109], '4': [17, 28, 33, 34, 41, 46, 61, 72, 80, 81, 85, 105, 121, 124, 133], '5': [7, 9, 35, 94, 114, 132], '6': [11, 15, 20, 31, 51, 55, 56, 69, 104, 108, 110, 112, 113, 128, 134, 137], '7': [14, 21, 23, 63, 135], '8': [1, 47, 118, 127, 129], '9': [13, 22, 53, 115, 120], '10': [91, 131, 139], '11': [27], '12': [130], '13': [54], '14': [40, 92, 97, 106, 123], '15': [10]}"
complete,cosine,17,"{'0': [2, 4, 5, 6, 12, 24, 50, 57, 59, 62, 70, 76, 77, 84, 93, 95, 103, 111, 119, 136, 138], '1': [17, 28, 33, 34, 41, 46, 61, 72, 80, 81, 85, 105, 121, 124, 133], '2': [18, 19, 25, 30, 36, 42, 43, 48, 49, 60, 65, 67, 68, 83, 87, 90, 101, 102, 126], '3': [3, 8, 71, 109], '4': [13, 22, 53, 115, 120], '5': [7, 9, 35, 94, 114, 132], '6': [11, 15, 20, 31, 51, 55, 56, 69, 104, 108, 110, 112, 113, 128, 134, 137], '7': [14, 21, 23, 63, 135], '8': [1, 47, 118, 127, 129], '9': [16, 29, 37, 39, 44, 45, 52, 58, 66, 73, 74, 75, 79, 82, 86, 89, 96, 98, 99, 100, 107, 116, 117, 122, 125], '10': [91, 131, 139], '11': [27], '12': [130], '13': [54], '14': [40, 92, 97, 106, 123], '15': [10], '16': [26, 32, 38, 64, 78, 88]}"
complete,cosine,18,"{'0': [17, 28, 33, 34, 41, 46, 61, 72, 80, 81, 85, 105, 121, 124, 133], '1': [13, 22, 53, 115, 120], '2': [18, 19, 25, 30, 36, 42, 43, 48, 49, 60, 65, 67, 68, 83, 87, 90, 101, 102, 126], '3': [3, 8, 71, 109], '4': [16, 29, 37, 39, 44, 45, 52, 58, 66, 73, 74, 75, 79, 82, 86, 89, 96, 98, 99, 100, 107, 116, 117, 122, 125], '5': [7, 9, 35, 94, 114, 132], '6': [11, 15, 20, 31, 51, 55, 56, 69, 104, 108, 110, 112, 113, 128, 134, 137], '7': [14, 21, 23, 63, 135], '8': [1, 47, 118, 127, 129], '9': [2, 4, 5, 6, 12, 24, 50, 57, 62, 70, 76, 77, 84, 93, 95, 119, 136, 138], '10': [91, 131, 139], '11': [27], '12': [130], '13': [54], '14': [40, 92, 97, 106, 123], '15': [10], '16': [26, 32, 38, 64, 78, 88], '17': [59, 103, 111]}"
complete,cosine,19,"{'0': [13, 22, 53, 115, 120], '1': [3, 8, 71, 109], '2': [18, 19, 25, 30, 36, 42, 43, 48, 49, 60, 65, 67, 68, 83, 87, 90, 101, 102, 126], '3': [14, 21, 23, 63, 135], '4': [16, 29, 37, 39, 44, 45, 52, 58, 66, 73, 74, 75, 79, 82, 86, 89, 96, 98, 99, 100, 107, 116, 117, 122, 125], '5': [7, 9, 35, 94, 114, 132], '6': [11, 15, 20, 31, 51, 55, 56, 69, 104, 108, 110, 112, 113, 128, 134, 137], '7': [17, 46, 61, 72, 80, 85, 105, 121, 124, 133], '8': [1, 47, 118, 127, 129], '9': [2, 4, 5, 6, 12, 24, 50, 57, 62, 70, 76, 77, 84, 93, 95, 119, 136, 138], '10': [91, 131, 139], '11': [27], '12': [130], '13': [54], '14': [40, 92, 97, 106, 123], '15': [10], '16': [26, 32, 38, 64, 78, 88], '17': [59, 103, 111], '18': [28, 33, 34, 41, 81]}"
complete,cosine,20,"{'0': [18, 19, 25, 30, 36, 42, 43, 48, 49, 60, 65, 67, 68, 83, 87, 90, 101, 102, 126], '1': [3, 8, 71, 109], '2': [11, 15, 20, 31, 51, 55, 56, 69, 104, 108, 110, 112, 113, 128, 134, 137], '3': [14, 21, 23, 63, 135], '4': [16, 29, 37, 39, 44, 45, 52, 58, 66, 73, 74, 75, 79, 82, 86, 89, 96, 98, 99, 100, 107, 116, 117, 122, 125], '5': [7, 9, 35, 94, 114, 132], '6': [13, 115, 120], '7': [17, 46, 61, 72, 80, 85, 105, 121, 124, 133], '8': [1, 47, 118, 127, 129], '9': [2, 4, 5, 6, 12, 24, 50, 57, 62, 70, 76, 77, 84, 93, 95, 119, 136, 138], '10': [91, 131, 139], '11': [27], '12': [130], '13': [54], '14': [40, 92, 97, 106, 123], '15': [10], '16': [26, 32, 38, 64, 78, 88], '17': [59, 103, 111], '18': [28, 33, 34, 41, 81], '19': [22, 53]}"
complete,precomputed,4,"{'0': [3, 7, 10, 11, 13, 17, 20, 22, 27, 28, 29, 32, 33, 34, 38, 39, 40, 41, 46, 47, 48, 49, 53, 56, 61, 62, 63, 64, 67, 69, 71, 72, 81, 82, 83, 85, 86, 87, 89, 92, 93, 96, 101, 104, 107, 110, 112, 114, 115, 117, 118, 120, 125, 127, 129, 131, 132, 133, 139], '1': [2, 4, 5, 6, 9, 12, 14, 15, 16, 19, 23, 24, 25, 26, 30, 31, 35, 36, 37, 43, 44, 45, 50, 52, 55, 57, 58, 59, 65, 66, 68, 70, 73, 74, 75, 76, 77, 78, 79, 84, 88, 90, 94, 95, 97, 98, 99, 100, 102, 103, 105, 106, 108, 111, 113, 116, 119, 121, 122, 123, 126, 128, 134, 135, 136, 137, 138], '2': [1, 8, 18, 21, 42, 51, 60, 80, 91, 109, 124, 130], '3': [54]}"
complete,precomputed,5,"{'0': [10, 27, 47, 49, 71, 114, 132], '1': [2, 4, 5, 6, 9, 12, 14, 15, 16, 19, 23, 24, 25, 26, 30, 31, 35, 36, 37, 43, 44, 45, 50, 52, 55, 57, 58, 59, 65, 66, 68, 70, 73, 74, 75, 76, 77, 78, 79, 84, 88, 90, 94, 95, 97, 98, 99, 100, 102, 103, 105, 106, 108, 111, 113, 116, 119, 121, 122, 123, 126, 128, 134, 135, 136, 137, 138], '2': [1, 8, 18, 21, 42, 51, 60, 80, 91, 109, 124, 130], '3': [54], '4': [3, 7, 11, 13, 17, 20, 22, 28, 29, 32, 33, 34, 38, 39, 40, 41, 46, 48, 53, 56, 61, 62, 63, 64, 67, 69, 72, 81, 82, 83, 85, 86, 87, 89, 92, 93, 96, 101, 104, 107, 110, 112, 115, 117, 118, 120, 125, 127, 129, 131, 133, 139]}"
complete,precomputed,6,"{'0': [2, 4, 5, 6, 9, 12, 14, 15, 16, 19, 23, 24, 25, 26, 30, 31, 35, 36, 37, 43, 44, 45, 50, 52, 55, 57, 58, 59, 65, 66, 68, 70, 73, 74, 75, 76, 77, 78, 79, 84, 88, 90, 94, 95, 97, 98, 99, 100, 102, 103, 105, 106, 108, 111, 113, 116, 119, 121, 122, 123, 126, 128, 134, 135, 136, 137, 138], '1': [3, 7, 11, 13, 17, 20, 22, 28, 29, 32, 33, 34, 38, 39, 40, 41, 46, 48, 53, 56, 61, 62, 63, 64, 67, 69, 72, 81, 82, 83, 85, 86, 87, 89, 92, 93, 96, 101, 104, 107, 110, 112, 115, 117, 118, 120, 125, 127, 129, 131, 133, 139], '2': [1, 8, 18, 21, 42, 51, 60, 80, 91, 109, 124, 130], '3': [54], '4': [27, 47, 49, 71, 114, 132], '5': [10]}"
complete,precomputed,7,"{'0': [3, 7, 11, 13, 17, 20, 22, 28, 29, 32, 33, 34, 38, 39, 40, 41, 46, 48, 53, 56, 61, 62, 63, 64, 67, 69, 72, 81, 82, 83, 85, 86, 87, 89, 92, 93, 96, 101, 104, 107, 110, 112, 115, 117, 118, 120, 125, 127, 129, 131, 133, 139], '1': [27, 47, 49, 71, 114, 132], '2': [1, 8, 18, 21, 42, 51, 60, 80, 91, 109, 124, 130], '3': [54], '4': [2, 4, 5, 6, 12, 14, 15, 16, 19, 23, 24, 25, 26, 30, 31, 36, 37, 43, 44, 45, 50, 52, 55, 57, 58, 59, 65, 66, 68, 70, 73, 74, 75, 76, 77, 78, 79, 84, 88, 90, 97, 98, 99, 100, 102, 103, 105, 106, 108, 111, 113, 116, 119, 121, 122, 123, 126, 128, 135, 136, 137, 138], '5': [10], '6': [9, 35, 94, 95, 134]}"
complete,precomputed,8,"{'0': [27, 47, 49, 71, 114, 132], '1': [3, 7, 11, 17, 20, 28, 29, 32, 33, 34, 39, 40, 41, 46, 48, 56, 62, 63, 64, 67, 69, 72, 81, 82, 83, 85, 86, 87, 89, 93, 96, 101, 104, 107, 110, 112, 115, 117, 125, 129, 131, 133, 139], '2': [1, 8, 18, 21, 42, 51, 60, 80, 91, 109, 124, 130], '3': [13, 22, 38, 53, 61, 92, 118, 120, 127], '4': [2, 4, 5, 6, 12, 14, 15, 16, 19, 23, 24, 25, 26, 30, 31, 36, 37, 43, 44, 45, 50, 52, 55, 57, 58, 59, 65, 66, 68, 70, 73, 74, 75, 76, 77, 78, 79, 84, 88, 90, 97, 98, 99, 100, 102, 103, 105, 106, 108, 111, 113, 116, 119, 121, 122, 123, 126, 128, 135, 136, 137, 138], '5': [10], '6': [9, 35, 94, 95, 134], '7': [54]}"
complete,precomputed,9,"{'0': [1, 8, 18, 21, 42, 51, 60, 80, 91, 109, 124, 130], '1': [3, 7, 11, 17, 20, 28, 29, 32, 33, 34, 39, 40, 41, 46, 48, 56, 62, 63, 64, 67, 69, 72, 81, 82, 83, 85, 86, 87, 89, 93, 96, 101, 104, 107, 110, 112, 115, 117, 125, 129, 131, 133, 139], '2': [9, 35, 94, 95, 134], '3': [13, 22, 38, 53, 61, 92, 118, 120, 127], '4': [2, 4, 5, 6, 12, 14, 15, 16, 19, 23, 24, 25, 26, 30, 31, 36, 37, 43, 44, 45, 50, 52, 55, 57, 58, 59, 65, 66, 68, 70, 73, 74, 75, 76, 77, 78, 79, 84, 88, 90, 97, 98, 99, 100, 102, 103, 105, 106, 108, 111, 113, 116, 119, 121, 122, 123, 126, 128, 135, 136, 137, 138], '5': [10], '6': [27, 47, 49, 114, 132], '7': [54], '8': [71]}"
complete,precomputed,10,"{'0': [3, 7, 11, 17, 20, 28, 29, 32, 33, 34, 39, 40, 41, 46, 48, 56, 62, 63, 64, 67, 69, 72, 81, 82, 83, 85, 86, 87, 89, 93, 96, 101, 104, 107, 110, 112, 115, 117, 125, 129, 131, 133, 139], '1': [2, 4, 5, 6, 12, 14, 15, 16, 19, 23, 24, 25, 26, 30, 31, 36, 37, 43, 44, 45, 50, 52, 55, 57, 58, 59, 65, 66, 68, 70, 73, 74, 75, 76, 77, 78, 79, 84, 88, 90, 97, 98, 99, 100, 102, 103, 105, 106, 108, 111, 113, 116, 119, 121, 122, 123, 126, 128, 135, 136, 137, 138], '2': [9, 35, 94, 95, 134], '3': [13, 22, 38, 53, 61, 92, 118, 120, 127], '4': [1, 18, 21, 51, 60, 80, 91, 109, 124], '5': [10], '6': [27, 47, 49, 114, 132], '7': [54], '8': [71], '9': [8, 42, 130]}"
complete,precomputed,11,"{'0': [2, 4, 5, 6, 12, 14, 15, 16, 19, 23, 24, 25, 26, 30, 31, 36, 37, 43, 44, 45, 50, 52, 55, 57, 58, 59, 65, 66, 68, 70, 73, 74, 75, 76, 77, 78, 79, 84, 88, 90, 97, 98, 99, 100, 102, 103, 105, 106, 108, 111, 113, 116, 119, 121, 122, 123, 126, 128, 135, 136, 137, 138], '1': [3, 7, 11, 17, 20, 28, 32, 33, 34, 39, 40, 41, 46, 48, 56, 62, 63, 64, 67, 69, 72, 81, 82, 83, 85, 86, 87, 89, 93, 96, 101, 104, 107, 110, 112, 115, 117, 125, 131, 133, 139], '2': [9, 35, 94, 95, 134], '3': [13, 22, 38, 53, 61, 92, 118, 120, 127], '4': [1, 18, 21, 51, 60, 80, 91, 109, 124], '5': [10], '6': [27, 47, 49, 114, 132], '7': [54], '8': [71], '9': [8, 42, 130], '10': [29, 129]}"
complete,precomputed,12,"{'0': [9, 35, 94, 95, 134], '1': [3, 7, 11, 17, 20, 28, 32, 33, 34, 39, 40, 41, 46, 48, 56, 62, 63, 64, 67, 69, 72, 81, 82, 83, 85, 86, 87, 89, 93, 96, 101, 104, 107, 110, 112, 115, 117, 125, 131, 133, 139], '2': [2, 4, 5, 6, 12, 14, 15, 16, 19, 23, 24, 25, 26, 30, 37, 43, 44, 45, 50, 52, 55, 57, 58, 65, 66, 68, 70, 73, 74, 75, 76, 77, 78, 79, 84, 88, 90, 97, 98, 99, 100, 102, 103, 105, 106, 108, 111, 113, 116, 119, 121, 122, 123, 128, 135, 136, 137, 138], '3': [13, 22, 38, 53, 61, 92, 118, 120, 127], '4': [1, 18, 21, 51, 60, 80, 91, 109, 124], '5': [31, 36, 59, 126], '6': [27, 47, 49, 114, 132], '7': [54], '8': [71], '9': [8, 42, 130], '10': [29, 129], '11': [10]}"
complete,precomputed,13,"{'0': [3, 7, 11, 17, 20, 28, 32, 33, 34, 39, 40, 41, 46, 48, 56, 62, 63, 64, 67, 69, 72, 81, 82, 83, 85, 86, 87, 89, 93, 96, 101, 104, 107, 110, 112, 115, 117, 125, 131, 133, 139], '1': [13, 22, 38, 53, 61, 92, 118, 120, 127], '2': [2, 4, 5, 6, 12, 14, 15, 16, 19, 23, 24, 25, 26, 30, 37, 43, 44, 45, 50, 52, 55, 57, 58, 65, 66, 68, 70, 73, 74, 75, 76, 77, 78, 79, 84, 88, 90, 97, 98, 99, 100, 102, 103, 105, 106, 108, 111, 113, 116, 119, 121, 122, 123, 128, 135, 136, 137, 138], '3': [35, 134], '4': [1, 18, 21, 51, 60, 80, 91, 109, 124], '5': [31, 36, 59, 126], '6': [27, 47, 49, 114, 132], '7': [54], '8': [71], '9': [8, 42, 130], '10': [29, 129], '11': [10], '12': [9, 94, 95]}"
complete,precomputed,14,"{'0': [13, 22, 38, 53, 61, 92, 118, 120, 127], '1': [35, 134], '2': [2, 4, 5, 6, 12, 14, 15, 16, 19, 23, 24, 25, 26, 30, 37, 43, 44, 45, 50, 52, 55, 57, 58, 65, 66, 68, 70, 73, 74, 75, 76, 77, 78, 79, 84, 88, 90, 97, 98, 99, 100, 102, 103, 105, 106, 108, 111, 113, 116, 119, 121, 122, 123, 128, 135, 136, 137, 138], '3': [3, 7, 28, 33, 40, 48, 56, 64, 67, 72, 81, 85, 86, 87, 89, 93, 96, 101, 107, 110, 112, 125, 131], '4': [1, 18, 21, 51, 60, 80, 91, 109, 124], '5': [31, 36, 59, 126], '6': [11, 17, 20, 32, 34, 39, 41, 46, 62, 63, 69, 82, 83, 104, 115, 117, 133, 139], '7': [54], '8': [71], '9': [8, 42, 130], '10': [29, 129], '11': [10], '12': [9, 94, 95], '13': [27, 47, 49, 114, 132]}"
complete,precomputed,15,"{'0': [35, 134], '1': [3, 7, 28, 33, 40, 48, 56, 64, 67, 72, 81, 85, 86, 87, 89, 93, 96, 101, 107, 110, 112, 125, 131], '2': [2, 4, 5, 6, 12, 14, 15, 16, 19, 23, 24, 25, 26, 30, 37, 43, 44, 45, 50, 52, 55, 57, 58, 65, 66, 68, 70, 73, 74, 75, 76, 77, 78, 79, 84, 88, 90, 97, 98, 99, 100, 102, 103, 105, 106, 108, 111, 113, 116, 119, 121, 122, 123, 128, 135, 136, 137, 138], '3': [13, 22, 53, 118, 120, 127], '4': [1, 18, 21, 51, 60, 80, 91, 109, 124], '5': [31, 36, 59, 126], '6': [11, 17, 20, 32, 34, 39, 41, 46, 62, 63, 69, 82, 83, 104, 115, 117, 133, 139], '7': [54], '8': [71], '9': [8, 42, 130], '10': [29, 129], '11': [10], '12': [9, 94, 95], '13': [27, 47, 49, 114, 132], '14': [38, 61, 92]}"
complete,precomputed,16,"{'0': [2, 4, 5, 6, 12, 14, 15, 16, 19, 23, 24, 25, 26, 30, 37, 43, 44, 45, 50, 52, 55, 57, 58, 65, 66, 68, 70, 73, 74, 75, 76, 77, 78, 79, 84, 88, 90, 97, 98, 99, 100, 102, 103, 105, 106, 108, 111, 113, 116, 119, 121, 122, 123, 128, 135, 136, 137, 138], '1': [3, 7, 28, 33, 40, 48, 56, 64, 67, 72, 81, 85, 86, 87, 89, 93, 96, 101, 107, 110, 112, 125, 131], '2': [31, 36, 59, 126], '3': [13, 22, 53, 118, 120, 127], '4': [1, 18, 21, 51, 60, 80, 91, 109, 124], '5': [9, 94, 95], '6': [11, 17, 20, 32, 34, 39, 41, 46, 62, 63, 69, 82, 83, 104, 115, 117, 133, 139], '7': [54], '8': [71], '9': [8, 42, 130], '10': [29, 129], '11': [10], '12': [134], '13': [27, 47, 49, 114, 132], '14': [38, 61, 92], '15': [35]}"
complete,precomputed,17,"{'0': [31, 36, 59, 126], '1': [3, 7, 28, 33, 40, 48, 56, 64, 67, 72, 81, 85, 86, 87, 89, 93, 96, 101, 107, 110, 112, 125, 131], '2': [11, 17, 20, 32, 34, 39, 41, 46, 62, 63, 69, 82, 83, 104, 115, 117, 133, 139], '3': [13, 22, 53, 118, 120, 127], '4': [1, 18, 21, 51, 60, 80, 91, 109, 124], '5': [9, 94, 95], '6': [27, 47, 49, 114, 132], '7': [19, 90, 135], '8': [71], '9': [8, 42, 130], '10': [29, 129], '11': [10], '12': [134], '13': [2, 4, 5, 6, 12, 14, 15, 16, 23, 24, 25, 26, 30, 37, 43, 44, 45, 50, 52, 55, 57, 58, 65, 66, 68, 70, 73, 74, 75, 76, 77, 78, 79, 84, 88, 97, 98, 99, 100, 102, 103, 105, 106, 108, 111, 113, 116, 119, 121, 122, 123, 128, 136, 137, 138], '14': [38, 61, 92], '15': [35], '16': [54]}"
complete,precomputed,18,"{'0': [3, 7, 28, 33, 40, 48, 56, 64, 67, 72, 81, 85, 86, 87, 89, 93, 96, 101, 107, 110, 112, 125, 131], '1': [13, 22, 53, 118, 120, 127], '2': [11, 17, 20, 32, 34, 39, 41, 46, 62, 63, 69, 82, 83, 104, 115, 117, 133, 139], '3': [36, 126], '4': [1, 18, 21, 51, 60, 80, 91, 109, 124], '5': [9, 94, 95], '6': [27, 47, 49, 114, 132], '7': [19, 90, 135], '8': [31, 59], '9': [8, 42, 130], '10': [29, 129], '11': [10], '12': [134], '13': [2, 4, 5, 6, 12, 14, 15, 16, 23, 24, 25, 26, 30, 37, 43, 44, 45, 50, 52, 55, 57, 58, 65, 66, 68, 70, 73, 74, 75, 76, 77, 78, 79, 84, 88, 97, 98, 99, 100, 102, 103, 105, 106, 108, 111, 113, 116, 119, 121, 122, 123, 128, 136, 137, 138], '14': [38, 61, 92], '15': [35], '16': [54], '17': [71]}"
complete,precomputed,19,"{'0': [13, 22, 53, 118, 120, 127], '1': [36, 126], '2': [11, 17, 20, 32, 34, 39, 41, 46, 62, 63, 69, 82, 83, 104, 115, 117, 133, 139], '3': [31, 59], '4': [1, 18, 21, 51, 60, 80, 91, 109, 124], '5': [9, 94, 95], '6': [27, 47, 49, 114, 132], '7': [19, 90, 135], '8': [3, 7, 28, 48, 56, 67, 72, 85, 86, 87, 89, 93, 96, 101, 107, 110, 125, 131], '9': [8, 42, 130], '10': [29, 129], '11': [10], '12': [134], '13': [2, 4, 5, 6, 12, 14, 15, 16, 23, 24, 25, 26, 30, 37, 43, 44, 45, 50, 52, 55, 57, 58, 65, 66, 68, 70, 73, 74, 75, 76, 77, 78, 79, 84, 88, 97, 98, 99, 100, 102, 103, 105, 106, 108, 111, 113, 116, 119, 121, 122, 123, 128, 136, 137, 138], '14': [38, 61, 92], '15': [35], '16': [54], '17': [71], '18': [33, 40, 64, 81, 112]}"
complete,precomputed,20,"{'0': [36, 126], '1': [1, 18, 21, 51, 60, 80, 91, 109, 124], '2': [11, 17, 20, 32, 34, 39, 41, 46, 62, 63, 69, 82, 83, 104, 115, 117, 133, 139], '3': [31, 59], '4': [13, 22, 53, 118, 127], '5': [9, 94, 95], '6': [27, 47, 49, 114, 132], '7': [19, 90, 135], '8': [3, 7, 28, 48, 56, 67, 72, 85, 86, 87, 89, 93, 96, 101, 107, 110, 125, 131], '9': [8, 42, 130], '10': [29, 129], '11': [10], '12': [134], '13': [2, 4, 5, 6, 12, 14, 15, 16, 23, 24, 25, 26, 30, 37, 43, 44, 45, 50, 52, 55, 57, 58, 65, 66, 68, 70, 73, 74, 75, 76, 77, 78, 79, 84, 88, 97, 98, 99, 100, 102, 103, 105, 106, 108, 111, 113, 116, 119, 121, 122, 123, 128, 136, 137, 138], '14': [38, 61, 92], '15': [35], '16': [54], '17': [71], '18': [33, 40, 64, 81, 112], '19': [120]}"
